timestamp,step,turn,status,board,action
14:44:10.952312,0,SYSTEM,INITIAL,"[[0, 0, 0, 0, 0, 0, 0, 0], [0, 0, 0, 0, 0, 0, 0, 0], [0, 0, 0, 0, 0, 0, 0, 0], [0, 0, 0, 1, -1, 0, 0, 0], [0, 0, 0, -1, 1, 0, 0, 0], [0, 0, 0, 0, 0, 0, 0, 0], [0, 0, 0, 0, 0, 0, 0, 0], [0, 0, 0, 0, 0, 0, 0, 0]]",
14:44:10.952312,1,black,MOVED,"[[0, 0, 0, 0, 0, 0, 0, 0], [0, 0, 0, 0, 0, 0, 0, 0], [0, 0, 0, 0, 0, 0, 0, 0], [0, 0, 0, 1, -1, 0, 0, 0], [0, 0, 0, -1, -1, 0, 0, 0], [0, 0, 0, 0, -1, 0, 0, 0], [0, 0, 0, 0, 0, 0, 0, 0], [0, 0, 0, 0, 0, 0, 0, 0]]","[5, 4]"
14:44:10.957848,1,white,THINKING,"[[0, 0, 0, 0, 0, 0, 0, 0], [0, 0, 0, 0, 0, 0, 0, 0], [0, 0, 0, 0, 0, 0, 0, 0], [0, 0, 0, 1, -1, 0, 0, 0], [0, 0, 0, -1, -1, 0, 0, 0], [0, 0, 0, 0, -1, 0, 0, 0], [0, 0, 0, 0, 0, 0, 0, 0], [0, 0, 0, 0, 0, 0, 0, 0]]",
14:44:10.973398,1,white,MOVED,"[[0, 0, 0, 0, 0, 0, 0, 0], [0, 0, 0, 0, 0, 0, 0, 0], [0, 0, 0, 0, 0, 0, 0, 0], [0, 0, 0, 1, -1, 0, 0, 0], [0, 0, 0, 1, -1, 0, 0, 0], [0, 0, 0, 1, -1, 0, 0, 0], [0, 0, 0, 0, 0, 0, 0, 0], [0, 0, 0, 0, 0, 0, 0, 0]]","[3, 5]"
14:44:13.194076,2,black,MOVED,"[[0, 0, 0, 0, 0, 0, 0, 0], [0, 0, 0, 0, 0, 0, 0, 0], [0, 0, 0, 0, 0, 0, 0, 0], [0, 0, 0, 1, -1, 0, 0, 0], [0, 0, -1, -1, -1, 0, 0, 0], [0, 0, 0, 1, -1, 0, 0, 0], [0, 0, 0, 0, 0, 0, 0, 0], [0, 0, 0, 0, 0, 0, 0, 0]]","[4, 2]"
14:44:13.197245,2,white,THINKING,"[[0, 0, 0, 0, 0, 0, 0, 0], [0, 0, 0, 0, 0, 0, 0, 0], [0, 0, 0, 0, 0, 0, 0, 0], [0, 0, 0, 1, -1, 0, 0, 0], [0, 0, -1, -1, -1, 0, 0, 0], [0, 0, 0, 1, -1, 0, 0, 0], [0, 0, 0, 0, 0, 0, 0, 0], [0, 0, 0, 0, 0, 0, 0, 0]]",
14:44:13.202844,2,white,MOVED,"[[0, 0, 0, 0, 0, 0, 0, 0], [0, 0, 0, 0, 0, 0, 0, 0], [0, 0, 0, 0, 0, 0, 0, 0], [0, 0, 0, 1, -1, 0, 0, 0], [0, 0, 1, -1, -1, 0, 0, 0], [0, 1, 0, 1, -1, 0, 0, 0], [0, 0, 0, 0, 0, 0, 0, 0], [0, 0, 0, 0, 0, 0, 0, 0]]","[1, 5]"
14:44:16.580939,3,black,MOVED,"[[0, 0, 0, 0, 0, 0, 0, 0], [0, 0, 0, 0, 0, 0, 0, 0], [0, 0, 0, 0, 0, 0, 0, 0], [0, 0, -1, -1, -1, 0, 0, 0], [0, 0, 1, -1, -1, 0, 0, 0], [0, 1, 0, 1, -1, 0, 0, 0], [0, 0, 0, 0, 0, 0, 0, 0], [0, 0, 0, 0, 0, 0, 0, 0]]","[3, 2]"
14:44:16.580939,3,white,THINKING,"[[0, 0, 0, 0, 0, 0, 0, 0], [0, 0, 0, 0, 0, 0, 0, 0], [0, 0, 0, 0, 0, 0, 0, 0], [0, 0, -1, -1, -1, 0, 0, 0], [0, 0, 1, -1, -1, 0, 0, 0], [0, 1, 0, 1, -1, 0, 0, 0], [0, 0, 0, 0, 0, 0, 0, 0], [0, 0, 0, 0, 0, 0, 0, 0]]",
14:44:16.580939,3,white,MOVED,"[[0, 0, 0, 0, 0, 0, 0, 0], [0, 0, 0, 0, 0, 0, 0, 0], [0, 0, 0, 1, 0, 0, 0, 0], [0, 0, -1, 1, -1, 0, 0, 0], [0, 0, 1, 1, -1, 0, 0, 0], [0, 1, 0, 1, -1, 0, 0, 0], [0, 0, 0, 0, 0, 0, 0, 0], [0, 0, 0, 0, 0, 0, 0, 0]]","[3, 2]"
14:44:23.747778,4,black,MOVED,"[[0, 0, 0, 0, 0, 0, 0, 0], [0, 0, -1, 0, 0, 0, 0, 0], [0, 0, 0, -1, 0, 0, 0, 0], [0, 0, -1, 1, -1, 0, 0, 0], [0, 0, 1, 1, -1, 0, 0, 0], [0, 1, 0, 1, -1, 0, 0, 0], [0, 0, 0, 0, 0, 0, 0, 0], [0, 0, 0, 0, 0, 0, 0, 0]]","[1, 2]"
14:44:23.751537,4,white,THINKING,"[[0, 0, 0, 0, 0, 0, 0, 0], [0, 0, -1, 0, 0, 0, 0, 0], [0, 0, 0, -1, 0, 0, 0, 0], [0, 0, -1, 1, -1, 0, 0, 0], [0, 0, 1, 1, -1, 0, 0, 0], [0, 1, 0, 1, -1, 0, 0, 0], [0, 0, 0, 0, 0, 0, 0, 0], [0, 0, 0, 0, 0, 0, 0, 0]]",
14:44:23.755175,4,white,MOVED,"[[0, 0, 0, 0, 0, 0, 0, 0], [0, 0, -1, 0, 0, 0, 0, 0], [0, 0, 0, -1, 0, 0, 0, 0], [0, 0, -1, 1, -1, 0, 0, 0], [0, 0, 1, 1, 1, 0, 0, 0], [0, 1, 0, 1, 1, 1, 0, 0], [0, 0, 0, 0, 0, 0, 0, 0], [0, 0, 0, 0, 0, 0, 0, 0]]","[5, 5]"
14:44:27.940780,5,black,MOVED,"[[0, 0, 0, 0, 0, 0, 0, 0], [0, 0, -1, 0, 0, 0, 0, 0], [0, 0, 0, -1, 0, 0, 0, 0], [0, 0, -1, -1, -1, 0, 0, 0], [0, 0, 1, -1, 1, 0, 0, 0], [0, 1, 0, -1, 1, 1, 0, 0], [0, 0, 0, -1, 0, 0, 0, 0], [0, 0, 0, 0, 0, 0, 0, 0]]","[6, 3]"
14:44:27.945495,5,white,THINKING,"[[0, 0, 0, 0, 0, 0, 0, 0], [0, 0, -1, 0, 0, 0, 0, 0], [0, 0, 0, -1, 0, 0, 0, 0], [0, 0, -1, -1, -1, 0, 0, 0], [0, 0, 1, -1, 1, 0, 0, 0], [0, 1, 0, -1, 1, 1, 0, 0], [0, 0, 0, -1, 0, 0, 0, 0], [0, 0, 0, 0, 0, 0, 0, 0]]",
14:44:27.948752,5,white,MOVED,"[[0, 0, 0, 0, 0, 0, 0, 0], [0, 0, -1, 0, 0, 0, 0, 0], [0, 0, 0, -1, 0, 0, 0, 0], [0, 0, -1, -1, -1, 0, 0, 0], [0, 0, 1, -1, 1, 0, 0, 0], [0, 1, 0, -1, 1, 1, 0, 0], [0, 0, 0, 1, 0, 0, 0, 0], [0, 0, 1, 0, 0, 0, 0, 0]]","[2, 7]"
14:44:30.100541,6,black,MOVED,"[[0, 0, 0, 0, 0, 0, 0, 0], [0, 0, -1, 0, 0, 0, 0, 0], [0, 0, 0, -1, 0, 0, 0, 0], [0, 0, -1, -1, -1, 0, 0, 0], [0, 0, -1, -1, 1, 0, 0, 0], [0, 1, -1, -1, 1, 1, 0, 0], [0, 0, 0, 1, 0, 0, 0, 0], [0, 0, 1, 0, 0, 0, 0, 0]]","[5, 2]"
14:44:30.102555,6,white,THINKING,"[[0, 0, 0, 0, 0, 0, 0, 0], [0, 0, -1, 0, 0, 0, 0, 0], [0, 0, 0, -1, 0, 0, 0, 0], [0, 0, -1, -1, -1, 0, 0, 0], [0, 0, -1, -1, 1, 0, 0, 0], [0, 1, -1, -1, 1, 1, 0, 0], [0, 0, 0, 1, 0, 0, 0, 0], [0, 0, 1, 0, 0, 0, 0, 0]]",
14:44:30.107529,6,white,MOVED,"[[0, 0, 0, 0, 0, 0, 0, 0], [0, 0, -1, 0, 0, 0, 0, 0], [0, 1, 0, -1, 0, 0, 0, 0], [0, 0, 1, -1, -1, 0, 0, 0], [0, 0, -1, 1, 1, 0, 0, 0], [0, 1, -1, -1, 1, 1, 0, 0], [0, 0, 0, 1, 0, 0, 0, 0], [0, 0, 1, 0, 0, 0, 0, 0]]","[1, 2]"
14:44:32.350927,7,black,MOVED,"[[0, 0, 0, 0, 0, 0, 0, 0], [0, 0, -1, 0, 0, 0, 0, 0], [0, 1, 0, -1, 0, 0, 0, 0], [0, 0, -1, -1, -1, 0, 0, 0], [0, -1, -1, 1, 1, 0, 0, 0], [0, 1, -1, -1, 1, 1, 0, 0], [0, 0, 0, 1, 0, 0, 0, 0], [0, 0, 1, 0, 0, 0, 0, 0]]","[4, 1]"
14:44:32.350927,7,white,THINKING,"[[0, 0, 0, 0, 0, 0, 0, 0], [0, 0, -1, 0, 0, 0, 0, 0], [0, 1, 0, -1, 0, 0, 0, 0], [0, 0, -1, -1, -1, 0, 0, 0], [0, -1, -1, 1, 1, 0, 0, 0], [0, 1, -1, -1, 1, 1, 0, 0], [0, 0, 0, 1, 0, 0, 0, 0], [0, 0, 1, 0, 0, 0, 0, 0]]",
14:44:32.350927,7,white,MOVED,"[[0, 0, 0, 0, 0, 0, 0, 0], [0, 0, -1, 0, 0, 0, 0, 0], [0, 1, 0, -1, 0, 0, 0, 0], [0, 1, -1, -1, -1, 0, 0, 0], [0, 1, -1, 1, 1, 0, 0, 0], [0, 1, -1, -1, 1, 1, 0, 0], [0, 0, 0, 1, 0, 0, 0, 0], [0, 0, 1, 0, 0, 0, 0, 0]]","[1, 3]"
14:44:34.600619,8,black,MOVED,"[[0, 0, 0, 0, 0, 0, 0, 0], [0, 0, -1, 0, 0, 0, 0, 0], [0, -1, 0, -1, 0, 0, 0, 0], [-1, -1, -1, -1, -1, 0, 0, 0], [0, -1, -1, 1, 1, 0, 0, 0], [0, 1, -1, -1, 1, 1, 0, 0], [0, 0, 0, 1, 0, 0, 0, 0], [0, 0, 1, 0, 0, 0, 0, 0]]","[3, 0]"
14:44:34.606215,8,white,THINKING,"[[0, 0, 0, 0, 0, 0, 0, 0], [0, 0, -1, 0, 0, 0, 0, 0], [0, -1, 0, -1, 0, 0, 0, 0], [-1, -1, -1, -1, -1, 0, 0, 0], [0, -1, -1, 1, 1, 0, 0, 0], [0, 1, -1, -1, 1, 1, 0, 0], [0, 0, 0, 1, 0, 0, 0, 0], [0, 0, 1, 0, 0, 0, 0, 0]]",
14:44:34.606215,8,white,MOVED,"[[0, 0, 0, 0, 0, 0, 0, 0], [0, 0, -1, 0, 0, 0, 0, 0], [0, -1, 0, -1, 0, 0, 0, 0], [-1, -1, -1, -1, -1, 0, 0, 0], [0, -1, -1, 1, 1, 0, 0, 0], [0, 1, -1, 1, 1, 1, 0, 0], [0, 0, 1, 1, 0, 0, 0, 0], [0, 0, 1, 0, 0, 0, 0, 0]]","[2, 6]"
14:44:35.758476,9,black,MOVED,"[[0, 0, 0, 0, 0, 0, 0, 0], [0, 0, -1, 0, 0, 0, 0, 0], [0, -1, 0, -1, 0, 0, 0, 0], [-1, -1, -1, -1, -1, 0, 0, 0], [0, -1, -1, -1, -1, -1, 0, 0], [0, 1, -1, 1, 1, 1, 0, 0], [0, 0, 1, 1, 0, 0, 0, 0], [0, 0, 1, 0, 0, 0, 0, 0]]","[4, 5]"
14:44:35.762578,9,white,THINKING,"[[0, 0, 0, 0, 0, 0, 0, 0], [0, 0, -1, 0, 0, 0, 0, 0], [0, -1, 0, -1, 0, 0, 0, 0], [-1, -1, -1, -1, -1, 0, 0, 0], [0, -1, -1, -1, -1, -1, 0, 0], [0, 1, -1, 1, 1, 1, 0, 0], [0, 0, 1, 1, 0, 0, 0, 0], [0, 0, 1, 0, 0, 0, 0, 0]]",
14:44:35.762578,9,white,MOVED,"[[0, 0, 0, 0, 0, 0, 0, 0], [0, 0, -1, 0, 0, 0, 0, 0], [1, -1, 0, -1, 0, 0, 0, 0], [-1, 1, -1, -1, -1, 0, 0, 0], [0, -1, 1, -1, -1, -1, 0, 0], [0, 1, -1, 1, 1, 1, 0, 0], [0, 0, 1, 1, 0, 0, 0, 0], [0, 0, 1, 0, 0, 0, 0, 0]]","[0, 2]"
14:44:37.976581,10,black,MOVED,"[[0, 0, 0, 0, 0, 0, 0, 0], [0, 0, -1, 0, 0, 0, 0, 0], [1, -1, 0, -1, 0, 0, 0, 0], [-1, 1, -1, -1, -1, 0, 0, 0], [0, -1, 1, -1, -1, -1, 0, 0], [0, 1, -1, 1, -1, 1, 0, 0], [0, 0, 1, 1, -1, 0, 0, 0], [0, 0, 1, 0, 0, 0, 0, 0]]","[6, 4]"
14:44:37.984875,10,white,THINKING,"[[0, 0, 0, 0, 0, 0, 0, 0], [0, 0, -1, 0, 0, 0, 0, 0], [1, -1, 0, -1, 0, 0, 0, 0], [-1, 1, -1, -1, -1, 0, 0, 0], [0, -1, 1, -1, -1, -1, 0, 0], [0, 1, -1, 1, -1, 1, 0, 0], [0, 0, 1, 1, -1, 0, 0, 0], [0, 0, 1, 0, 0, 0, 0, 0]]",
14:44:37.984875,10,white,MOVED,"[[0, 0, 0, 0, 0, 0, 0, 0], [0, 0, -1, 0, 0, 0, 0, 0], [1, -1, 0, -1, 0, 0, 0, 0], [-1, 1, -1, -1, -1, 0, 0, 0], [0, -1, 1, -1, -1, -1, 0, 0], [0, 1, -1, 1, -1, 1, 0, 0], [0, 0, 1, 1, 1, 1, 0, 0], [0, 0, 1, 0, 0, 0, 0, 0]]","[5, 6]"
14:44:39.210747,11,black,MOVED,"[[0, 0, 0, 0, 0, 0, 0, 0], [0, 0, -1, 0, 0, 0, 0, 0], [1, -1, 0, -1, 0, 0, 0, 0], [-1, 1, -1, -1, -1, 0, 0, 0], [0, -1, 1, -1, -1, -1, 0, 0], [0, 1, -1, 1, -1, -1, 0, 0], [0, 0, 1, 1, 1, -1, 0, 0], [0, 0, 1, 0, 0, -1, 0, 0]]","[7, 5]"
14:44:39.214184,11,white,THINKING,"[[0, 0, 0, 0, 0, 0, 0, 0], [0, 0, -1, 0, 0, 0, 0, 0], [1, -1, 0, -1, 0, 0, 0, 0], [-1, 1, -1, -1, -1, 0, 0, 0], [0, -1, 1, -1, -1, -1, 0, 0], [0, 1, -1, 1, -1, -1, 0, 0], [0, 0, 1, 1, 1, -1, 0, 0], [0, 0, 1, 0, 0, -1, 0, 0]]",
14:44:39.218221,11,white,MOVED,"[[0, 0, 0, 0, 0, 0, 0, 0], [0, 0, -1, 0, 0, 0, 0, 0], [1, -1, 0, -1, 0, 0, 0, 0], [-1, 1, -1, -1, -1, 0, 0, 0], [0, -1, 1, 1, 1, 1, 1, 0], [0, 1, -1, 1, -1, 1, 0, 0], [0, 0, 1, 1, 1, -1, 0, 0], [0, 0, 1, 0, 0, -1, 0, 0]]","[6, 4]"
14:44:41.359100,12,black,MOVED,"[[0, 0, 0, 0, 0, 0, 0, 0], [0, 0, -1, 0, 0, 0, 0, 0], [1, -1, 0, -1, 0, 0, 0, 0], [-1, 1, -1, -1, -1, 0, 0, 0], [0, -1, 1, -1, 1, 1, 1, 0], [0, 1, -1, -1, -1, 1, 0, 0], [0, 0, 1, -1, 1, -1, 0, 0], [0, 0, 1, -1, 0, -1, 0, 0]]","[7, 3]"
14:44:41.375761,12,white,THINKING,"[[0, 0, 0, 0, 0, 0, 0, 0], [0, 0, -1, 0, 0, 0, 0, 0], [1, -1, 0, -1, 0, 0, 0, 0], [-1, 1, -1, -1, -1, 0, 0, 0], [0, -1, 1, -1, 1, 1, 1, 0], [0, 1, -1, -1, -1, 1, 0, 0], [0, 0, 1, -1, 1, -1, 0, 0], [0, 0, 1, -1, 0, -1, 0, 0]]",
14:44:41.379351,12,white,MOVED,"[[0, 0, 0, 0, 0, 0, 0, 0], [0, 1, -1, 0, 0, 0, 0, 0], [1, 1, 0, -1, 0, 0, 0, 0], [-1, 1, -1, -1, -1, 0, 0, 0], [0, -1, 1, -1, 1, 1, 1, 0], [0, 1, -1, -1, -1, 1, 0, 0], [0, 0, 1, -1, 1, -1, 0, 0], [0, 0, 1, -1, 0, -1, 0, 0]]","[1, 1]"
14:44:42.590218,13,black,MOVED,"[[0, 0, 0, 0, 0, 0, 0, 0], [0, 1, -1, 0, 0, 0, 0, 0], [1, 1, 0, -1, 0, 0, 0, 0], [-1, 1, -1, -1, -1, 0, 0, 0], [0, -1, 1, -1, 1, 1, 1, 0], [0, -1, -1, -1, -1, 1, 0, 0], [0, -1, -1, -1, 1, -1, 0, 0], [0, 0, 1, -1, 0, -1, 0, 0]]","[6, 1]"
14:44:42.593629,13,white,THINKING,"[[0, 0, 0, 0, 0, 0, 0, 0], [0, 1, -1, 0, 0, 0, 0, 0], [1, 1, 0, -1, 0, 0, 0, 0], [-1, 1, -1, -1, -1, 0, 0, 0], [0, -1, 1, -1, 1, 1, 1, 0], [0, -1, -1, -1, -1, 1, 0, 0], [0, -1, -1, -1, 1, -1, 0, 0], [0, 0, 1, -1, 0, -1, 0, 0]]",
14:44:42.595939,13,white,MOVED,"[[0, 0, 0, 0, 0, 0, 0, 0], [0, 1, -1, 0, 0, 0, 0, 0], [1, 1, 0, -1, 0, 0, 0, 0], [1, 1, -1, -1, -1, 0, 0, 0], [1, 1, 1, -1, 1, 1, 1, 0], [0, -1, -1, -1, -1, 1, 0, 0], [0, -1, -1, -1, 1, -1, 0, 0], [0, 0, 1, -1, 0, -1, 0, 0]]","[0, 4]"
14:44:43.818410,14,black,MOVED,"[[0, 0, 0, 0, 0, 0, 0, 0], [0, 1, -1, 0, 0, 0, 0, 0], [1, 1, 0, -1, 0, 0, 0, 0], [1, 1, -1, -1, -1, 0, 0, 0], [1, -1, 1, -1, 1, 1, 1, 0], [-1, -1, -1, -1, -1, 1, 0, 0], [0, -1, -1, -1, 1, -1, 0, 0], [0, 0, 1, -1, 0, -1, 0, 0]]","[5, 0]"
14:44:43.821747,14,white,THINKING,"[[0, 0, 0, 0, 0, 0, 0, 0], [0, 1, -1, 0, 0, 0, 0, 0], [1, 1, 0, -1, 0, 0, 0, 0], [1, 1, -1, -1, -1, 0, 0, 0], [1, -1, 1, -1, 1, 1, 1, 0], [-1, -1, -1, -1, -1, 1, 0, 0], [0, -1, -1, -1, 1, -1, 0, 0], [0, 0, 1, -1, 0, -1, 0, 0]]",
14:44:43.824155,14,white,MOVED,"[[0, 0, 0, 0, 0, 0, 0, 0], [0, 1, -1, 0, 0, 0, 0, 0], [1, 1, 0, -1, 0, 0, 0, 0], [1, 1, -1, -1, -1, 0, 0, 0], [1, 1, 1, -1, 1, 1, 1, 0], [-1, -1, 1, -1, -1, 1, 0, 0], [0, -1, -1, 1, 1, -1, 0, 0], [0, 0, 1, 1, 1, -1, 0, 0]]","[4, 7]"
14:44:44.978647,15,black,MOVED,"[[0, 0, 0, 0, 0, 0, 0, 0], [-1, -1, -1, 0, 0, 0, 0, 0], [-1, -1, 0, -1, 0, 0, 0, 0], [-1, 1, -1, -1, -1, 0, 0, 0], [-1, 1, 1, -1, 1, 1, 1, 0], [-1, -1, 1, -1, -1, 1, 0, 0], [0, -1, -1, 1, 1, -1, 0, 0], [0, 0, 1, 1, 1, -1, 0, 0]]","[1, 0]"
14:44:44.978647,15,white,THINKING,"[[0, 0, 0, 0, 0, 0, 0, 0], [-1, -1, -1, 0, 0, 0, 0, 0], [-1, -1, 0, -1, 0, 0, 0, 0], [-1, 1, -1, -1, -1, 0, 0, 0], [-1, 1, 1, -1, 1, 1, 1, 0], [-1, -1, 1, -1, -1, 1, 0, 0], [0, -1, -1, 1, 1, -1, 0, 0], [0, 0, 1, 1, 1, -1, 0, 0]]",
14:44:44.986016,15,white,MOVED,"[[0, 0, 0, 0, 0, 0, 0, 0], [-1, -1, -1, 0, 0, 0, 0, 0], [-1, -1, 0, -1, 0, 1, 0, 0], [-1, 1, -1, -1, 1, 0, 0, 0], [-1, 1, 1, 1, 1, 1, 1, 0], [-1, -1, 1, -1, -1, 1, 0, 0], [0, -1, -1, 1, 1, -1, 0, 0], [0, 0, 1, 1, 1, -1, 0, 0]]","[5, 2]"
14:44:46.135080,16,black,MOVED,"[[0, 0, 0, 0, 0, 0, 0, 0], [-1, -1, -1, 0, 0, 0, 0, 0], [-1, -1, 0, -1, 0, 1, 0, 0], [-1, 1, -1, -1, -1, -1, 0, 0], [-1, 1, 1, 1, -1, -1, 1, 0], [-1, -1, 1, -1, -1, -1, 0, 0], [0, -1, -1, 1, 1, -1, 0, 0], [0, 0, 1, 1, 1, -1, 0, 0]]","[3, 5]"
14:44:46.135080,16,white,THINKING,"[[0, 0, 0, 0, 0, 0, 0, 0], [-1, -1, -1, 0, 0, 0, 0, 0], [-1, -1, 0, -1, 0, 1, 0, 0], [-1, 1, -1, -1, -1, -1, 0, 0], [-1, 1, 1, 1, -1, -1, 1, 0], [-1, -1, 1, -1, -1, -1, 0, 0], [0, -1, -1, 1, 1, -1, 0, 0], [0, 0, 1, 1, 1, -1, 0, 0]]",
14:44:46.135080,16,white,MOVED,"[[0, 0, 0, 0, 0, 0, 0, 0], [-1, -1, -1, 0, 0, 0, 0, 0], [-1, -1, 0, -1, 0, 1, 0, 0], [-1, 1, -1, -1, -1, -1, 0, 0], [-1, 1, 1, 1, -1, -1, 1, 0], [-1, -1, 1, -1, -1, -1, 0, 0], [0, -1, -1, 1, 1, 1, 1, 0], [0, 0, 1, 1, 1, -1, 0, 0]]","[6, 6]"
14:44:47.289805,17,black,MOVED,"[[0, 0, 0, 0, 0, 0, 0, 0], [-1, -1, -1, 0, 0, 0, 0, 0], [-1, -1, -1, -1, 0, 1, 0, 0], [-1, -1, -1, -1, -1, -1, 0, 0], [-1, 1, 1, 1, -1, -1, 1, 0], [-1, -1, 1, -1, -1, -1, 0, 0], [0, -1, -1, 1, 1, 1, 1, 0], [0, 0, 1, 1, 1, -1, 0, 0]]","[2, 2]"
14:44:47.289805,17,white,THINKING,"[[0, 0, 0, 0, 0, 0, 0, 0], [-1, -1, -1, 0, 0, 0, 0, 0], [-1, -1, -1, -1, 0, 1, 0, 0], [-1, -1, -1, -1, -1, -1, 0, 0], [-1, 1, 1, 1, -1, -1, 1, 0], [-1, -1, 1, -1, -1, -1, 0, 0], [0, -1, -1, 1, 1, 1, 1, 0], [0, 0, 1, 1, 1, -1, 0, 0]]",
14:44:47.295910,17,white,MOVED,"[[0, 0, 0, 0, 0, 0, 0, 0], [-1, -1, -1, 0, 0, 0, 0, 0], [-1, -1, -1, -1, 0, 1, 0, 0], [-1, -1, -1, -1, -1, -1, 0, 0], [-1, 1, 1, 1, -1, -1, 1, 0], [-1, 1, 1, -1, -1, -1, 0, 0], [1, 1, 1, 1, 1, 1, 1, 0], [0, 0, 1, 1, 1, -1, 0, 0]]","[0, 6]"
14:44:48.437817,18,black,MOVED,"[[0, 0, 0, 0, 0, 0, 0, 0], [-1, -1, -1, 0, 0, 0, 0, 0], [-1, -1, -1, -1, 0, 1, 0, 0], [-1, -1, -1, -1, -1, -1, 0, 0], [-1, -1, 1, 1, -1, -1, 1, 0], [-1, -1, 1, -1, -1, -1, 0, 0], [1, -1, -1, 1, 1, 1, 1, 0], [0, -1, -1, -1, -1, -1, 0, 0]]","[7, 1]"
14:44:48.444626,18,white,THINKING,"[[0, 0, 0, 0, 0, 0, 0, 0], [-1, -1, -1, 0, 0, 0, 0, 0], [-1, -1, -1, -1, 0, 1, 0, 0], [-1, -1, -1, -1, -1, -1, 0, 0], [-1, -1, 1, 1, -1, -1, 1, 0], [-1, -1, 1, -1, -1, -1, 0, 0], [1, -1, -1, 1, 1, 1, 1, 0], [0, -1, -1, -1, -1, -1, 0, 0]]",
14:44:48.448760,18,white,MOVED,"[[0, 0, 0, 0, 0, 0, 0, 0], [-1, -1, -1, 0, 0, 0, 0, 0], [-1, -1, -1, -1, 0, 1, 0, 0], [-1, -1, -1, -1, -1, -1, 0, 0], [-1, -1, 1, 1, -1, -1, 1, 0], [-1, -1, 1, 1, 1, 1, 1, 0], [1, -1, -1, 1, 1, 1, 1, 0], [0, -1, -1, -1, -1, -1, 0, 0]]","[6, 5]"
14:44:49.654514,19,black,MOVED,"[[0, 0, 0, 0, 0, 0, 0, 0], [-1, -1, -1, 0, 0, 0, 0, 0], [-1, -1, -1, -1, 0, 1, 0, 0], [-1, -1, -1, -1, -1, -1, 0, 0], [-1, -1, 1, -1, -1, -1, 1, 0], [-1, -1, 1, 1, -1, 1, 1, 0], [1, -1, -1, 1, 1, -1, 1, 0], [0, -1, -1, -1, -1, -1, -1, 0]]","[7, 6]"
14:44:49.657837,19,white,THINKING,"[[0, 0, 0, 0, 0, 0, 0, 0], [-1, -1, -1, 0, 0, 0, 0, 0], [-1, -1, -1, -1, 0, 1, 0, 0], [-1, -1, -1, -1, -1, -1, 0, 0], [-1, -1, 1, -1, -1, -1, 1, 0], [-1, -1, 1, 1, -1, 1, 1, 0], [1, -1, -1, 1, 1, -1, 1, 0], [0, -1, -1, -1, -1, -1, -1, 0]]",
14:44:49.661037,19,white,MOVED,"[[0, 0, 0, 0, 0, 0, 0, 0], [-1, -1, -1, 0, 0, 0, 0, 0], [-1, -1, -1, -1, 1, 1, 0, 0], [-1, -1, -1, 1, 1, 1, 0, 0], [-1, -1, 1, -1, 1, -1, 1, 0], [-1, -1, 1, 1, 1, 1, 1, 0], [1, -1, -1, 1, 1, -1, 1, 0], [0, -1, -1, -1, -1, -1, -1, 0]]","[4, 2]"
14:44:51.806331,20,black,MOVED,"[[0, 0, 0, 0, 0, 0, 0, 0], [-1, -1, -1, 0, 0, 0, 0, 0], [-1, -1, -1, -1, -1, -1, -1, 0], [-1, -1, -1, 1, 1, -1, 0, 0], [-1, -1, 1, -1, -1, -1, 1, 0], [-1, -1, 1, -1, 1, 1, 1, 0], [1, -1, -1, 1, 1, -1, 1, 0], [0, -1, -1, -1, -1, -1, -1, 0]]","[2, 6]"
14:44:51.811548,20,white,THINKING,"[[0, 0, 0, 0, 0, 0, 0, 0], [-1, -1, -1, 0, 0, 0, 0, 0], [-1, -1, -1, -1, -1, -1, -1, 0], [-1, -1, -1, 1, 1, -1, 0, 0], [-1, -1, 1, -1, -1, -1, 1, 0], [-1, -1, 1, -1, 1, 1, 1, 0], [1, -1, -1, 1, 1, -1, 1, 0], [0, -1, -1, -1, -1, -1, -1, 0]]",
14:44:51.811548,20,white,MOVED,"[[0, 0, 0, 0, 0, 0, 0, 0], [-1, -1, -1, 0, 0, 0, 1, 0], [-1, -1, -1, -1, -1, 1, -1, 0], [-1, -1, -1, 1, 1, -1, 0, 0], [-1, -1, 1, -1, -1, -1, 1, 0], [-1, -1, 1, -1, 1, 1, 1, 0], [1, -1, -1, 1, 1, -1, 1, 0], [0, -1, -1, -1, -1, -1, -1, 0]]","[6, 1]"
14:44:54.057683,21,black,MOVED,"[[0, 0, 0, 0, 0, 0, 0, 0], [-1, -1, -1, 0, 0, 0, 1, 0], [-1, -1, -1, -1, -1, 1, -1, 0], [-1, -1, -1, 1, 1, -1, 0, 0], [-1, -1, 1, -1, -1, -1, 1, 0], [-1, -1, 1, -1, 1, 1, 1, 0], [-1, -1, -1, 1, 1, -1, 1, 0], [-1, -1, -1, -1, -1, -1, -1, 0]]","[7, 0]"
14:44:54.061878,21,white,THINKING,"[[0, 0, 0, 0, 0, 0, 0, 0], [-1, -1, -1, 0, 0, 0, 1, 0], [-1, -1, -1, -1, -1, 1, -1, 0], [-1, -1, -1, 1, 1, -1, 0, 0], [-1, -1, 1, -1, -1, -1, 1, 0], [-1, -1, 1, -1, 1, 1, 1, 0], [-1, -1, -1, 1, 1, -1, 1, 0], [-1, -1, -1, -1, -1, -1, -1, 0]]",
14:44:54.063896,21,white,MOVED,"[[0, 0, 0, 0, 0, 0, 0, 0], [-1, -1, -1, 0, 0, 0, 1, 0], [-1, -1, -1, -1, -1, 1, 1, 0], [-1, -1, -1, 1, 1, 1, 1, 0], [-1, -1, 1, -1, -1, 1, 1, 0], [-1, -1, 1, -1, 1, 1, 1, 0], [-1, -1, -1, 1, 1, -1, 1, 0], [-1, -1, -1, -1, -1, -1, -1, 0]]","[6, 3]"
14:44:57.226428,22,black,MOVED,"[[0, 0, 0, 0, 0, 0, 0, 0], [-1, -1, -1, 0, 0, -1, 1, 0], [-1, -1, -1, -1, -1, -1, 1, 0], [-1, -1, -1, 1, 1, -1, 1, 0], [-1, -1, 1, -1, -1, -1, 1, 0], [-1, -1, 1, -1, 1, -1, 1, 0], [-1, -1, -1, 1, 1, -1, 1, 0], [-1, -1, -1, -1, -1, -1, -1, 0]]","[1, 5]"
14:44:57.228332,22,white,THINKING,"[[0, 0, 0, 0, 0, 0, 0, 0], [-1, -1, -1, 0, 0, -1, 1, 0], [-1, -1, -1, -1, -1, -1, 1, 0], [-1, -1, -1, 1, 1, -1, 1, 0], [-1, -1, 1, -1, -1, -1, 1, 0], [-1, -1, 1, -1, 1, -1, 1, 0], [-1, -1, -1, 1, 1, -1, 1, 0], [-1, -1, -1, -1, -1, -1, -1, 0]]",
14:44:57.228332,22,white,MOVED,"[[1, 0, 0, 0, 0, 0, 0, 0], [-1, 1, -1, 0, 0, -1, 1, 0], [-1, -1, 1, -1, -1, -1, 1, 0], [-1, -1, -1, 1, 1, -1, 1, 0], [-1, -1, 1, -1, -1, -1, 1, 0], [-1, -1, 1, -1, 1, -1, 1, 0], [-1, -1, -1, 1, 1, -1, 1, 0], [-1, -1, -1, -1, -1, -1, -1, 0]]","[0, 0]"
14:44:58.458969,23,black,MOVED,"[[1, 0, 0, 0, 0, 0, 0, 0], [-1, 1, -1, -1, 0, -1, 1, 0], [-1, -1, -1, -1, -1, -1, 1, 0], [-1, -1, -1, 1, 1, -1, 1, 0], [-1, -1, 1, -1, -1, -1, 1, 0], [-1, -1, 1, -1, 1, -1, 1, 0], [-1, -1, -1, 1, 1, -1, 1, 0], [-1, -1, -1, -1, -1, -1, -1, 0]]","[1, 3]"
14:44:58.465790,23,white,THINKING,"[[1, 0, 0, 0, 0, 0, 0, 0], [-1, 1, -1, -1, 0, -1, 1, 0], [-1, -1, -1, -1, -1, -1, 1, 0], [-1, -1, -1, 1, 1, -1, 1, 0], [-1, -1, 1, -1, -1, -1, 1, 0], [-1, -1, 1, -1, 1, -1, 1, 0], [-1, -1, -1, 1, 1, -1, 1, 0], [-1, -1, -1, -1, -1, -1, -1, 0]]",
14:44:58.467315,23,white,MOVED,"[[1, 0, 0, 1, 0, 0, 0, 0], [-1, 1, -1, 1, 0, -1, 1, 0], [-1, -1, -1, 1, -1, -1, 1, 0], [-1, -1, -1, 1, 1, -1, 1, 0], [-1, -1, 1, -1, -1, -1, 1, 0], [-1, -1, 1, -1, 1, -1, 1, 0], [-1, -1, -1, 1, 1, -1, 1, 0], [-1, -1, -1, -1, -1, -1, -1, 0]]","[3, 0]"
14:45:00.815668,24,black,MOVED,"[[1, 0, -1, 1, 0, 0, 0, 0], [-1, -1, -1, -1, 0, -1, 1, 0], [-1, -1, -1, 1, -1, -1, 1, 0], [-1, -1, -1, 1, 1, -1, 1, 0], [-1, -1, 1, -1, -1, -1, 1, 0], [-1, -1, 1, -1, 1, -1, 1, 0], [-1, -1, -1, 1, 1, -1, 1, 0], [-1, -1, -1, -1, -1, -1, -1, 0]]","[0, 2]"
14:45:00.819881,24,white,THINKING,"[[1, 0, -1, 1, 0, 0, 0, 0], [-1, -1, -1, -1, 0, -1, 1, 0], [-1, -1, -1, 1, -1, -1, 1, 0], [-1, -1, -1, 1, 1, -1, 1, 0], [-1, -1, 1, -1, -1, -1, 1, 0], [-1, -1, 1, -1, 1, -1, 1, 0], [-1, -1, -1, 1, 1, -1, 1, 0], [-1, -1, -1, -1, -1, -1, -1, 0]]",
14:45:00.821892,24,white,MOVED,"[[1, 1, 1, 1, 0, 0, 0, 0], [-1, -1, 1, -1, 0, -1, 1, 0], [-1, -1, -1, 1, -1, -1, 1, 0], [-1, -1, -1, 1, 1, -1, 1, 0], [-1, -1, 1, -1, -1, -1, 1, 0], [-1, -1, 1, -1, 1, -1, 1, 0], [-1, -1, -1, 1, 1, -1, 1, 0], [-1, -1, -1, -1, -1, -1, -1, 0]]","[1, 0]"
14:45:03.059726,25,black,MOVED,"[[1, 1, 1, 1, 0, 0, 0, 0], [-1, -1, 1, -1, -1, -1, 1, 0], [-1, -1, -1, -1, -1, -1, 1, 0], [-1, -1, -1, 1, 1, -1, 1, 0], [-1, -1, 1, -1, -1, -1, 1, 0], [-1, -1, 1, -1, 1, -1, 1, 0], [-1, -1, -1, 1, 1, -1, 1, 0], [-1, -1, -1, -1, -1, -1, -1, 0]]","[1, 4]"
14:45:03.066625,25,white,THINKING,"[[1, 1, 1, 1, 0, 0, 0, 0], [-1, -1, 1, -1, -1, -1, 1, 0], [-1, -1, -1, -1, -1, -1, 1, 0], [-1, -1, -1, 1, 1, -1, 1, 0], [-1, -1, 1, -1, -1, -1, 1, 0], [-1, -1, 1, -1, 1, -1, 1, 0], [-1, -1, -1, 1, 1, -1, 1, 0], [-1, -1, -1, -1, -1, -1, -1, 0]]",
14:45:03.066625,25,white,MOVED,"[[1, 1, 1, 1, 1, 0, 0, 0], [-1, -1, 1, -1, 1, 1, 1, 0], [-1, -1, -1, -1, 1, -1, 1, 0], [-1, -1, -1, 1, 1, -1, 1, 0], [-1, -1, 1, -1, -1, -1, 1, 0], [-1, -1, 1, -1, 1, -1, 1, 0], [-1, -1, -1, 1, 1, -1, 1, 0], [-1, -1, -1, -1, -1, -1, -1, 0]]","[4, 0]"
14:45:05.321811,26,black,MOVED,"[[1, 1, 1, 1, 1, 0, 0, 0], [-1, -1, 1, -1, 1, 1, 1, 0], [-1, -1, -1, -1, 1, -1, 1, 0], [-1, -1, -1, 1, 1, -1, 1, 0], [-1, -1, 1, -1, -1, -1, 1, 0], [-1, -1, 1, -1, 1, -1, 1, 0], [-1, -1, -1, 1, 1, -1, -1, 0], [-1, -1, -1, -1, -1, -1, -1, -1]]","[7, 7]"
14:45:05.327242,26,white,THINKING,"[[1, 1, 1, 1, 1, 0, 0, 0], [-1, -1, 1, -1, 1, 1, 1, 0], [-1, -1, -1, -1, 1, -1, 1, 0], [-1, -1, -1, 1, 1, -1, 1, 0], [-1, -1, 1, -1, -1, -1, 1, 0], [-1, -1, 1, -1, 1, -1, 1, 0], [-1, -1, -1, 1, 1, -1, -1, 0], [-1, -1, -1, -1, -1, -1, -1, -1]]",
14:45:05.330165,26,white,MOVED,"[[1, 1, 1, 1, 1, 0, 0, 0], [-1, -1, 1, -1, 1, 1, 1, 0], [-1, -1, -1, -1, 1, -1, 1, 0], [-1, -1, -1, 1, 1, -1, 1, 0], [-1, -1, 1, -1, -1, -1, 1, 0], [-1, -1, 1, -1, 1, -1, 1, 0], [-1, -1, -1, 1, 1, 1, 1, 1], [-1, -1, -1, -1, -1, -1, -1, -1]]","[7, 6]"
14:45:06.553766,27,black,MOVED,"[[1, 1, 1, 1, 1, 0, 0, 0], [-1, -1, 1, -1, 1, 1, 1, 0], [-1, -1, -1, -1, 1, -1, 1, 0], [-1, -1, -1, 1, 1, -1, 1, 0], [-1, -1, 1, -1, -1, -1, -1, 0], [-1, -1, 1, -1, 1, -1, -1, -1], [-1, -1, -1, 1, 1, 1, -1, -1], [-1, -1, -1, -1, -1, -1, -1, -1]]","[5, 7]"
14:45:06.556051,27,white,THINKING,"[[1, 1, 1, 1, 1, 0, 0, 0], [-1, -1, 1, -1, 1, 1, 1, 0], [-1, -1, -1, -1, 1, -1, 1, 0], [-1, -1, -1, 1, 1, -1, 1, 0], [-1, -1, 1, -1, -1, -1, -1, 0], [-1, -1, 1, -1, 1, -1, -1, -1], [-1, -1, -1, 1, 1, 1, -1, -1], [-1, -1, -1, -1, -1, -1, -1, -1]]",
14:45:06.558081,27,white,MOVED,"[[1, 1, 1, 1, 1, 0, 0, 0], [-1, -1, 1, -1, 1, 1, 1, 0], [-1, -1, -1, -1, 1, -1, 1, 0], [-1, -1, -1, 1, 1, -1, 1, 0], [-1, -1, 1, 1, 1, 1, 1, 1], [-1, -1, 1, -1, 1, -1, 1, -1], [-1, -1, -1, 1, 1, 1, -1, -1], [-1, -1, -1, -1, -1, -1, -1, -1]]","[7, 4]"
14:45:07.859656,28,black,MOVED,"[[1, 1, 1, 1, 1, 0, 0, -1], [-1, -1, 1, -1, 1, 1, -1, 0], [-1, -1, -1, -1, 1, -1, 1, 0], [-1, -1, -1, 1, 1, -1, 1, 0], [-1, -1, 1, 1, 1, 1, 1, 1], [-1, -1, 1, -1, 1, -1, 1, -1], [-1, -1, -1, 1, 1, 1, -1, -1], [-1, -1, -1, -1, -1, -1, -1, -1]]","[0, 7]"
14:45:07.862285,28,white,THINKING,"[[1, 1, 1, 1, 1, 0, 0, -1], [-1, -1, 1, -1, 1, 1, -1, 0], [-1, -1, -1, -1, 1, -1, 1, 0], [-1, -1, -1, 1, 1, -1, 1, 0], [-1, -1, 1, 1, 1, 1, 1, 1], [-1, -1, 1, -1, 1, -1, 1, -1], [-1, -1, -1, 1, 1, 1, -1, -1], [-1, -1, -1, -1, -1, -1, -1, -1]]",
14:45:07.862285,28,white,MOVED,"[[1, 1, 1, 1, 1, 0, 0, -1], [-1, -1, 1, -1, 1, 1, 1, 1], [-1, -1, -1, -1, 1, -1, 1, 0], [-1, -1, -1, 1, 1, -1, 1, 0], [-1, -1, 1, 1, 1, 1, 1, 1], [-1, -1, 1, -1, 1, -1, 1, -1], [-1, -1, -1, 1, 1, 1, -1, -1], [-1, -1, -1, -1, -1, -1, -1, -1]]","[7, 1]"
14:45:09.105548,29,black,MOVED,"[[1, 1, 1, 1, 1, 0, 0, -1], [-1, -1, 1, -1, 1, 1, 1, -1], [-1, -1, -1, -1, 1, -1, -1, -1], [-1, -1, -1, 1, 1, -1, -1, 0], [-1, -1, 1, 1, 1, -1, 1, 1], [-1, -1, 1, -1, -1, -1, 1, -1], [-1, -1, -1, -1, 1, 1, -1, -1], [-1, -1, -1, -1, -1, -1, -1, -1]]","[2, 7]"
14:45:09.105548,29,white,THINKING,"[[1, 1, 1, 1, 1, 0, 0, -1], [-1, -1, 1, -1, 1, 1, 1, -1], [-1, -1, -1, -1, 1, -1, -1, -1], [-1, -1, -1, 1, 1, -1, -1, 0], [-1, -1, 1, 1, 1, -1, 1, 1], [-1, -1, 1, -1, -1, -1, 1, -1], [-1, -1, -1, -1, 1, 1, -1, -1], [-1, -1, -1, -1, -1, -1, -1, -1]]",
14:45:09.112722,29,white,MOVED,"[[1, 1, 1, 1, 1, 0, 0, -1], [-1, -1, 1, -1, 1, 1, 1, -1], [-1, -1, -1, -1, 1, -1, 1, -1], [-1, -1, -1, 1, 1, 1, 1, 1], [-1, -1, 1, 1, 1, -1, 1, 1], [-1, -1, 1, -1, -1, -1, 1, -1], [-1, -1, -1, -1, 1, 1, -1, -1], [-1, -1, -1, -1, -1, -1, -1, -1]]","[7, 3]"
14:45:11.466044,30,black,MOVED,"[[1, 1, 1, 1, 1, 0, -1, -1], [-1, -1, 1, -1, 1, -1, -1, -1], [-1, -1, -1, -1, -1, -1, -1, -1], [-1, -1, -1, -1, 1, 1, -1, 1], [-1, -1, -1, 1, 1, -1, -1, 1], [-1, -1, 1, -1, -1, -1, -1, -1], [-1, -1, -1, -1, 1, 1, -1, -1], [-1, -1, -1, -1, -1, -1, -1, -1]]","[0, 6]"
14:45:11.466044,30,white,THINKING,"[[1, 1, 1, 1, 1, 0, -1, -1], [-1, -1, 1, -1, 1, -1, -1, -1], [-1, -1, -1, -1, -1, -1, -1, -1], [-1, -1, -1, -1, 1, 1, -1, 1], [-1, -1, -1, 1, 1, -1, -1, 1], [-1, -1, 1, -1, -1, -1, -1, -1], [-1, -1, -1, -1, 1, 1, -1, -1], [-1, -1, -1, -1, -1, -1, -1, -1]]",
14:45:11.466044,30,white,MOVED,"[[1, 1, 1, 1, 1, 1, -1, -1], [-1, -1, 1, -1, 1, 1, -1, -1], [-1, -1, -1, -1, -1, 1, -1, -1], [-1, -1, -1, -1, 1, 1, -1, 1], [-1, -1, -1, 1, 1, -1, -1, 1], [-1, -1, 1, -1, -1, -1, -1, -1], [-1, -1, -1, -1, 1, 1, -1, -1], [-1, -1, -1, -1, -1, -1, -1, -1]]","[5, 0]"
14:45:11.629767,30,SYSTEM,GAMEOVER,[],
