timestamp,step,turn,status,board,action

14:20:11.062170,0,SYSTEM,INITIAL,"[[0, 0, 0, 0, 0, 0, 0, 0], [0, 0, 0, 0, 0, 0, 0, 0], [0, 0, 0, 0, 0, 0, 0, 0], [0, 0, 0, 1, -1, 0, 0, 0], [0, 0, 0, -1, 1, 0, 0, 0], [0, 0, 0, 0, 0, 0, 0, 0], [0, 0, 0, 0, 0, 0, 0, 0], [0, 0, 0, 0, 0, 0, 0, 0]]",

14:20:11.062170,1,black,MOVED,"[[0, 0, 0, 0, 0, 0, 0, 0], [0, 0, 0, 0, 0, 0, 0, 0], [0, 0, 0, 0, 0, 0, 0, 0], [0, 0, -1, -1, -1, 0, 0, 0], [0, 0, 0, -1, 1, 0, 0, 0], [0, 0, 0, 0, 0, 0, 0, 0], [0, 0, 0, 0, 0, 0, 0, 0], [0, 0, 0, 0, 0, 0, 0, 0]]","[3, 2]"

14:20:11.064243,1,white,THINKING,"[[0, 0, 0, 0, 0, 0, 0, 0], [0, 0, 0, 0, 0, 0, 0, 0], [0, 0, 0, 0, 0, 0, 0, 0], [0, 0, -1, -1, -1, 0, 0, 0], [0, 0, 0, -1, 1, 0, 0, 0], [0, 0, 0, 0, 0, 0, 0, 0], [0, 0, 0, 0, 0, 0, 0, 0], [0, 0, 0, 0, 0, 0, 0, 0]]",

14:20:11.078590,1,white,MOVED,"[[0, 0, 0, 0, 0, 0, 0, 0], [0, 0, 0, 0, 0, 0, 0, 0], [0, 0, 1, 0, 0, 0, 0, 0], [0, 0, -1, 1, -1, 0, 0, 0], [0, 0, 0, -1, 1, 0, 0, 0], [0, 0, 0, 0, 0, 0, 0, 0], [0, 0, 0, 0, 0, 0, 0, 0], [0, 0, 0, 0, 0, 0, 0, 0]]","[2, 2]"

14:20:12.225792,2,black,MOVED,"[[0, 0, 0, 0, 0, 0, 0, 0], [0, 0, 0, 0, 0, 0, 0, 0], [0, 0, 1, -1, 0, 0, 0, 0], [0, 0, -1, -1, -1, 0, 0, 0], [0, 0, 0, -1, 1, 0, 0, 0], [0, 0, 0, 0, 0, 0, 0, 0], [0, 0, 0, 0, 0, 0, 0, 0], [0, 0, 0, 0, 0, 0, 0, 0]]","[2, 3]"

14:20:12.231845,2,white,THINKING,"[[0, 0, 0, 0, 0, 0, 0, 0], [0, 0, 0, 0, 0, 0, 0, 0], [0, 0, 1, -1, 0, 0, 0, 0], [0, 0, -1, -1, -1, 0, 0, 0], [0, 0, 0, -1, 1, 0, 0, 0], [0, 0, 0, 0, 0, 0, 0, 0], [0, 0, 0, 0, 0, 0, 0, 0], [0, 0, 0, 0, 0, 0, 0, 0]]",

14:20:12.233763,2,white,MOVED,"[[0, 0, 0, 0, 0, 0, 0, 0], [0, 0, 0, 0, 0, 0, 0, 0], [0, 0, 1, -1, 0, 0, 0, 0], [0, 0, 1, -1, -1, 0, 0, 0], [0, 0, 1, 1, 1, 0, 0, 0], [0, 0, 0, 0, 0, 0, 0, 0], [0, 0, 0, 0, 0, 0, 0, 0], [0, 0, 0, 0, 0, 0, 0, 0]]","[2, 4]"

14:20:14.538274,3,black,MOVED,"[[0, 0, 0, 0, 0, 0, 0, 0], [0, -1, 0, 0, 0, 0, 0, 0], [0, 0, -1, -1, 0, 0, 0, 0], [0, 0, 1, -1, -1, 0, 0, 0], [0, 0, 1, 1, 1, 0, 0, 0], [0, 0, 0, 0, 0, 0, 0, 0], [0, 0, 0, 0, 0, 0, 0, 0], [0, 0, 0, 0, 0, 0, 0, 0]]","[1, 1]"

14:20:14.543831,3,white,THINKING,"[[0, 0, 0, 0, 0, 0, 0, 0], [0, -1, 0, 0, 0, 0, 0, 0], [0, 0, -1, -1, 0, 0, 0, 0], [0, 0, 1, -1, -1, 0, 0, 0], [0, 0, 1, 1, 1, 0, 0, 0], [0, 0, 0, 0, 0, 0, 0, 0], [0, 0, 0, 0, 0, 0, 0, 0], [0, 0, 0, 0, 0, 0, 0, 0]]",

14:20:14.548294,3,white,MOVED,"[[1, 0, 0, 0, 0, 0, 0, 0], [0, 1, 0, 0, 0, 0, 0, 0], [0, 0, 1, -1, 0, 0, 0, 0], [0, 0, 1, 1, -1, 0, 0, 0], [0, 0, 1, 1, 1, 0, 0, 0], [0, 0, 0, 0, 0, 0, 0, 0], [0, 0, 0, 0, 0, 0, 0, 0], [0, 0, 0, 0, 0, 0, 0, 0]]","[0, 0]"

14:20:15.768968,4,black,MOVED,"[[1, 0, 0, 0, 0, 0, 0, 0], [0, 1, 0, 0, 0, 0, 0, 0], [0, 0, 1, -1, 0, 0, 0, 0], [0, -1, -1, -1, -1, 0, 0, 0], [0, 0, 1, 1, 1, 0, 0, 0], [0, 0, 0, 0, 0, 0, 0, 0], [0, 0, 0, 0, 0, 0, 0, 0], [0, 0, 0, 0, 0, 0, 0, 0]]","[3, 1]"

14:20:15.770731,4,white,THINKING,"[[1, 0, 0, 0, 0, 0, 0, 0], [0, 1, 0, 0, 0, 0, 0, 0], [0, 0, 1, -1, 0, 0, 0, 0], [0, -1, -1, -1, -1, 0, 0, 0], [0, 0, 1, 1, 1, 0, 0, 0], [0, 0, 0, 0, 0, 0, 0, 0], [0, 0, 0, 0, 0, 0, 0, 0], [0, 0, 0, 0, 0, 0, 0, 0]]",

14:20:15.774863,4,white,MOVED,"[[1, 0, 0, 0, 0, 0, 0, 0], [0, 1, 0, 0, 0, 0, 0, 0], [1, 0, 1, -1, 0, 0, 0, 0], [0, 1, -1, -1, -1, 0, 0, 0], [0, 0, 1, 1, 1, 0, 0, 0], [0, 0, 0, 0, 0, 0, 0, 0], [0, 0, 0, 0, 0, 0, 0, 0], [0, 0, 0, 0, 0, 0, 0, 0]]","[0, 2]"

14:20:16.919311,5,black,MOVED,"[[1, 0, 0, 0, 0, 0, 0, 0], [0, 1, 0, 0, 0, 0, 0, 0], [1, 0, 1, -1, 0, 0, 0, 0], [-1, -1, -1, -1, -1, 0, 0, 0], [0, 0, 1, 1, 1, 0, 0, 0], [0, 0, 0, 0, 0, 0, 0, 0], [0, 0, 0, 0, 0, 0, 0, 0], [0, 0, 0, 0, 0, 0, 0, 0]]","[3, 0]"

14:20:16.928321,5,white,THINKING,"[[1, 0, 0, 0, 0, 0, 0, 0], [0, 1, 0, 0, 0, 0, 0, 0], [1, 0, 1, -1, 0, 0, 0, 0], [-1, -1, -1, -1, -1, 0, 0, 0], [0, 0, 1, 1, 1, 0, 0, 0], [0, 0, 0, 0, 0, 0, 0, 0], [0, 0, 0, 0, 0, 0, 0, 0], [0, 0, 0, 0, 0, 0, 0, 0]]",

14:20:16.932432,5,white,MOVED,"[[1, 0, 0, 0, 0, 0, 0, 0], [0, 1, 0, 0, 0, 0, 0, 0], [1, 1, 1, -1, 0, 0, 0, 0], [-1, -1, 1, -1, -1, 0, 0, 0], [0, 0, 1, 1, 1, 0, 0, 0], [0, 0, 0, 0, 0, 0, 0, 0], [0, 0, 0, 0, 0, 0, 0, 0], [0, 0, 0, 0, 0, 0, 0, 0]]","[1, 2]"

14:20:18.117351,6,black,MOVED,"[[1, 0, 0, 0, 0, 0, 0, 0], [0, 1, 0, 0, 0, 0, 0, 0], [1, 1, 1, -1, 0, 0, 0, 0], [-1, -1, -1, -1, -1, 0, 0, 0], [0, -1, 1, 1, 1, 0, 0, 0], [0, 0, 0, 0, 0, 0, 0, 0], [0, 0, 0, 0, 0, 0, 0, 0], [0, 0, 0, 0, 0, 0, 0, 0]]","[4, 1]"

14:20:18.117351,6,white,THINKING,"[[1, 0, 0, 0, 0, 0, 0, 0], [0, 1, 0, 0, 0, 0, 0, 0], [1, 1, 1, -1, 0, 0, 0, 0], [-1, -1, -1, -1, -1, 0, 0, 0], [0, -1, 1, 1, 1, 0, 0, 0], [0, 0, 0, 0, 0, 0, 0, 0], [0, 0, 0, 0, 0, 0, 0, 0], [0, 0, 0, 0, 0, 0, 0, 0]]",

14:20:18.117351,6,white,MOVED,"[[1, 0, 0, 0, 0, 0, 0, 0], [0, 1, 0, 0, 0, 0, 0, 0], [1, 1, 1, -1, 0, 1, 0, 0], [-1, -1, -1, -1, 1, 0, 0, 0], [0, -1, 1, 1, 1, 0, 0, 0], [0, 0, 0, 0, 0, 0, 0, 0], [0, 0, 0, 0, 0, 0, 0, 0], [0, 0, 0, 0, 0, 0, 0, 0]]","[5, 2]"

14:20:19.453088,7,black,MOVED,"[[1, 0, 0, 0, 0, 0, 0, 0], [0, 1, 0, 0, 0, 0, 0, 0], [1, 1, 1, -1, 0, 1, 0, 0], [-1, -1, -1, -1, 1, 0, 0, 0], [0, -1, -1, 1, 1, 0, 0, 0], [0, -1, 0, 0, 0, 0, 0, 0], [0, 0, 0, 0, 0, 0, 0, 0], [0, 0, 0, 0, 0, 0, 0, 0]]","[5, 1]"

14:20:19.456876,7,white,THINKING,"[[1, 0, 0, 0, 0, 0, 0, 0], [0, 1, 0, 0, 0, 0, 0, 0], [1, 1, 1, -1, 0, 1, 0, 0], [-1, -1, -1, -1, 1, 0, 0, 0], [0, -1, -1, 1, 1, 0, 0, 0], [0, -1, 0, 0, 0, 0, 0, 0], [0, 0, 0, 0, 0, 0, 0, 0], [0, 0, 0, 0, 0, 0, 0, 0]]",

14:20:19.461601,7,white,MOVED,"[[1, 0, 0, 0, 0, 0, 0, 0], [0, 1, 0, 0, 0, 0, 0, 0], [1, 1, 1, -1, 0, 1, 0, 0], [1, 1, -1, -1, 1, 0, 0, 0], [1, 1, 1, 1, 1, 0, 0, 0], [0, -1, 0, 0, 0, 0, 0, 0], [0, 0, 0, 0, 0, 0, 0, 0], [0, 0, 0, 0, 0, 0, 0, 0]]","[0, 4]"

14:20:20.685786,8,black,MOVED,"[[1, 0, 0, 0, 0, 0, 0, 0], [0, 1, 0, 0, 0, 0, 0, 0], [1, 1, 1, -1, 0, 1, 0, 0], [1, 1, -1, -1, 1, 0, 0, 0], [1, 1, -1, 1, 1, 0, 0, 0], [0, -1, -1, 0, 0, 0, 0, 0], [0, 0, 0, 0, 0, 0, 0, 0], [0, 0, 0, 0, 0, 0, 0, 0]]","[5, 2]"

14:20:20.689133,8,white,THINKING,"[[1, 0, 0, 0, 0, 0, 0, 0], [0, 1, 0, 0, 0, 0, 0, 0], [1, 1, 1, -1, 0, 1, 0, 0], [1, 1, -1, -1, 1, 0, 0, 0], [1, 1, -1, 1, 1, 0, 0, 0], [0, -1, -1, 0, 0, 0, 0, 0], [0, 0, 0, 0, 0, 0, 0, 0], [0, 0, 0, 0, 0, 0, 0, 0]]",

14:20:20.699969,8,white,MOVED,"[[1, 0, 0, 0, 0, 0, 0, 0], [0, 1, 0, 1, 0, 0, 0, 0], [1, 1, 1, 1, 0, 1, 0, 0], [1, 1, -1, 1, 1, 0, 0, 0], [1, 1, -1, 1, 1, 0, 0, 0], [0, -1, -1, 0, 0, 0, 0, 0], [0, 0, 0, 0, 0, 0, 0, 0], [0, 0, 0, 0, 0, 0, 0, 0]]","[3, 1]"

14:20:21.847215,9,black,MOVED,"[[1, 0, 0, 0, 0, 0, 0, 0], [0, 1, 0, 1, 0, 0, 0, 0], [1, 1, 1, 1, 0, 1, 0, 0], [1, 1, -1, 1, 1, 0, 0, 0], [1, 1, -1, -1, 1, 0, 0, 0], [0, -1, -1, 0, -1, 0, 0, 0], [0, 0, 0, 0, 0, 0, 0, 0], [0, 0, 0, 0, 0, 0, 0, 0]]","[5, 4]"

14:20:21.849253,9,white,THINKING,"[[1, 0, 0, 0, 0, 0, 0, 0], [0, 1, 0, 1, 0, 0, 0, 0], [1, 1, 1, 1, 0, 1, 0, 0], [1, 1, -1, 1, 1, 0, 0, 0], [1, 1, -1, -1, 1, 0, 0, 0], [0, -1, -1, 0, -1, 0, 0, 0], [0, 0, 0, 0, 0, 0, 0, 0], [0, 0, 0, 0, 0, 0, 0, 0]]",

14:20:21.854734,9,white,MOVED,"[[1, 0, 0, 0, 0, 0, 0, 0], [0, 1, 0, 1, 0, 0, 0, 0], [1, 1, 1, 1, 0, 1, 0, 0], [1, 1, -1, 1, 1, 0, 0, 0], [1, 1, 1, 1, 1, 0, 0, 0], [0, -1, -1, 1, -1, 0, 0, 0], [0, 0, 0, 0, 0, 0, 0, 0], [0, 0, 0, 0, 0, 0, 0, 0]]","[3, 5]"

14:20:23.042452,10,black,MOVED,"[[1, 0, 0, 0, 0, 0, 0, 0], [0, 1, 0, 1, 0, 0, 0, 0], [1, 1, 1, 1, 0, 1, 0, 0], [1, 1, -1, -1, -1, -1, 0, 0], [1, 1, 1, 1, 1, 0, 0, 0], [0, -1, -1, 1, -1, 0, 0, 0], [0, 0, 0, 0, 0, 0, 0, 0], [0, 0, 0, 0, 0, 0, 0, 0]]","[3, 5]"

14:20:23.050198,10,white,THINKING,"[[1, 0, 0, 0, 0, 0, 0, 0], [0, 1, 0, 1, 0, 0, 0, 0], [1, 1, 1, 1, 0, 1, 0, 0], [1, 1, -1, -1, -1, -1, 0, 0], [1, 1, 1, 1, 1, 0, 0, 0], [0, -1, -1, 1, -1, 0, 0, 0], [0, 0, 0, 0, 0, 0, 0, 0], [0, 0, 0, 0, 0, 0, 0, 0]]",

14:20:23.055264,10,white,MOVED,"[[1, 0, 0, 0, 0, 0, 0, 0], [0, 1, 0, 1, 0, 0, 0, 0], [1, 1, 1, 1, 0, 1, 0, 0], [1, 1, 1, 1, 1, 1, 1, 0], [1, 1, 1, 1, 1, 0, 0, 0], [0, -1, -1, 1, -1, 0, 0, 0], [0, 0, 0, 0, 0, 0, 0, 0], [0, 0, 0, 0, 0, 0, 0, 0]]","[6, 3]"

14:20:24.268915,11,black,MOVED,"[[1, 0, 0, 0, 0, 0, 0, 0], [0, 1, 0, 1, 0, 0, 0, 0], [1, 1, 1, 1, -1, 1, 0, 0], [1, 1, 1, -1, -1, 1, 1, 0], [1, 1, -1, 1, -1, 0, 0, 0], [0, -1, -1, 1, -1, 0, 0, 0], [0, 0, 0, 0, 0, 0, 0, 0], [0, 0, 0, 0, 0, 0, 0, 0]]","[2, 4]"

14:20:24.270937,11,white,THINKING,"[[1, 0, 0, 0, 0, 0, 0, 0], [0, 1, 0, 1, 0, 0, 0, 0], [1, 1, 1, 1, -1, 1, 0, 0], [1, 1, 1, -1, -1, 1, 1, 0], [1, 1, -1, 1, -1, 0, 0, 0], [0, -1, -1, 1, -1, 0, 0, 0], [0, 0, 0, 0, 0, 0, 0, 0], [0, 0, 0, 0, 0, 0, 0, 0]]",

14:20:24.270937,11,white,MOVED,"[[1, 0, 0, 0, 0, 0, 0, 0], [0, 1, 0, 1, 0, 0, 0, 0], [1, 1, 1, 1, -1, 1, 0, 0], [1, 1, 1, -1, -1, 1, 1, 0], [1, 1, 1, 1, -1, 0, 0, 0], [0, 1, 1, 1, -1, 0, 0, 0], [0, 0, 1, 0, 0, 0, 0, 0], [0, 0, 0, 0, 0, 0, 0, 0]]","[2, 6]"

14:20:25.496069,12,black,MOVED,"[[1, 0, 0, 0, 0, 0, 0, 0], [0, 1, -1, 1, 0, 0, 0, 0], [1, 1, 1, -1, -1, 1, 0, 0], [1, 1, 1, -1, -1, 1, 1, 0], [1, 1, 1, 1, -1, 0, 0, 0], [0, 1, 1, 1, -1, 0, 0, 0], [0, 0, 1, 0, 0, 0, 0, 0], [0, 0, 0, 0, 0, 0, 0, 0]]","[1, 2]"

14:20:25.500335,12,white,THINKING,"[[1, 0, 0, 0, 0, 0, 0, 0], [0, 1, -1, 1, 0, 0, 0, 0], [1, 1, 1, -1, -1, 1, 0, 0], [1, 1, 1, -1, -1, 1, 1, 0], [1, 1, 1, 1, -1, 0, 0, 0], [0, 1, 1, 1, -1, 0, 0, 0], [0, 0, 1, 0, 0, 0, 0, 0], [0, 0, 0, 0, 0, 0, 0, 0]]",

14:20:25.502319,12,white,MOVED,"[[1, 0, 0, 0, 0, 0, 0, 0], [0, 1, -1, 1, 0, 1, 0, 0], [1, 1, 1, -1, 1, 1, 0, 0], [1, 1, 1, 1, -1, 1, 1, 0], [1, 1, 1, 1, -1, 0, 0, 0], [0, 1, 1, 1, -1, 0, 0, 0], [0, 0, 1, 0, 0, 0, 0, 0], [0, 0, 0, 0, 0, 0, 0, 0]]","[5, 1]"

14:20:27.743965,13,black,MOVED,"[[1, 0, 0, 0, 0, 0, 0, 0], [0, 1, -1, 1, 0, 1, 0, 0], [1, 1, 1, -1, 1, 1, 0, 0], [1, 1, 1, -1, -1, 1, 1, 0], [1, 1, 1, -1, -1, 0, 0, 0], [0, 1, 1, -1, -1, 0, 0, 0], [0, 0, 1, -1, 0, 0, 0, 0], [0, 0, 0, 0, 0, 0, 0, 0]]","[6, 3]"

14:20:27.748501,13,white,THINKING,"[[1, 0, 0, 0, 0, 0, 0, 0], [0, 1, -1, 1, 0, 1, 0, 0], [1, 1, 1, -1, 1, 1, 0, 0], [1, 1, 1, -1, -1, 1, 1, 0], [1, 1, 1, -1, -1, 0, 0, 0], [0, 1, 1, -1, -1, 0, 0, 0], [0, 0, 1, -1, 0, 0, 0, 0], [0, 0, 0, 0, 0, 0, 0, 0]]",

14:20:27.749487,13,white,MOVED,"[[1, 0, 1, 0, 0, 0, 0, 0], [0, 1, 1, 1, 0, 1, 0, 0], [1, 1, 1, -1, 1, 1, 0, 0], [1, 1, 1, -1, -1, 1, 1, 0], [1, 1, 1, -1, -1, 0, 0, 0], [0, 1, 1, -1, -1, 0, 0, 0], [0, 0, 1, -1, 0, 0, 0, 0], [0, 0, 0, 0, 0, 0, 0, 0]]","[2, 0]"

14:20:28.899985,14,black,MOVED,"[[1, 0, 1, 0, 0, 0, 0, 0], [0, 1, 1, 1, 0, 1, 0, 0], [1, 1, 1, -1, 1, 1, 0, 0], [1, 1, -1, -1, -1, 1, 1, 0], [1, -1, 1, -1, -1, 0, 0, 0], [-1, -1, -1, -1, -1, 0, 0, 0], [0, 0, 1, -1, 0, 0, 0, 0], [0, 0, 0, 0, 0, 0, 0, 0]]","[5, 0]"

14:20:28.919964,14,white,THINKING,"[[1, 0, 1, 0, 0, 0, 0, 0], [0, 1, 1, 1, 0, 1, 0, 0], [1, 1, 1, -1, 1, 1, 0, 0], [1, 1, -1, -1, -1, 1, 1, 0], [1, -1, 1, -1, -1, 0, 0, 0], [-1, -1, -1, -1, -1, 0, 0, 0], [0, 0, 1, -1, 0, 0, 0, 0], [0, 0, 0, 0, 0, 0, 0, 0]]",

14:20:28.921983,14,white,MOVED,"[[1, 0, 1, 0, 0, 0, 0, 0], [0, 1, 1, 1, 0, 1, 0, 0], [1, 1, 1, -1, 1, 1, 0, 0], [1, 1, 1, -1, -1, 1, 1, 0], [1, -1, 1, 1, -1, 0, 0, 0], [-1, -1, -1, -1, 1, 0, 0, 0], [0, 0, 1, -1, 0, 1, 0, 0], [0, 0, 0, 0, 0, 0, 0, 0]]","[5, 6]"

14:20:31.127554,15,black,MOVED,"[[1, 0, 1, 0, 0, 0, 0, 0], [0, 1, 1, 1, 0, 1, 0, 0], [1, 1, 1, -1, -1, -1, -1, 0], [1, 1, 1, -1, -1, -1, 1, 0], [1, -1, 1, 1, -1, 0, 0, 0], [-1, -1, -1, -1, 1, 0, 0, 0], [0, 0, 1, -1, 0, 1, 0, 0], [0, 0, 0, 0, 0, 0, 0, 0]]","[2, 6]"

14:20:31.127554,15,white,THINKING,"[[1, 0, 1, 0, 0, 0, 0, 0], [0, 1, 1, 1, 0, 1, 0, 0], [1, 1, 1, -1, -1, -1, -1, 0], [1, 1, 1, -1, -1, -1, 1, 0], [1, -1, 1, 1, -1, 0, 0, 0], [-1, -1, -1, -1, 1, 0, 0, 0], [0, 0, 1, -1, 0, 1, 0, 0], [0, 0, 0, 0, 0, 0, 0, 0]]",

14:20:31.135834,15,white,MOVED,"[[1, 0, 1, 0, 0, 0, 0, 0], [0, 1, 1, 1, 0, 1, 0, 0], [1, 1, 1, -1, 1, -1, -1, 0], [1, 1, 1, -1, -1, 1, 1, 0], [1, -1, 1, 1, -1, 0, 1, 0], [-1, -1, -1, -1, 1, 0, 0, 0], [0, 0, 1, -1, 0, 1, 0, 0], [0, 0, 0, 0, 0, 0, 0, 0]]","[6, 4]"

14:20:32.344157,16,black,MOVED,"[[1, 0, 1, 0, 0, 0, 0, 0], [0, 1, 1, 1, 0, 1, 0, 0], [1, 1, 1, -1, 1, -1, -1, 0], [1, 1, 1, -1, -1, -1, -1, -1], [1, -1, 1, 1, -1, 0, 1, 0], [-1, -1, -1, -1, 1, 0, 0, 0], [0, 0, 1, -1, 0, 1, 0, 0], [0, 0, 0, 0, 0, 0, 0, 0]]","[3, 7]"

14:20:32.363271,16,white,THINKING,"[[1, 0, 1, 0, 0, 0, 0, 0], [0, 1, 1, 1, 0, 1, 0, 0], [1, 1, 1, -1, 1, -1, -1, 0], [1, 1, 1, -1, -1, -1, -1, -1], [1, -1, 1, 1, -1, 0, 1, 0], [-1, -1, -1, -1, 1, 0, 0, 0], [0, 0, 1, -1, 0, 1, 0, 0], [0, 0, 0, 0, 0, 0, 0, 0]]",

14:20:32.365838,16,white,MOVED,"[[1, 0, 1, 0, 0, 0, 0, 0], [0, 1, 1, 1, 0, 1, 0, 0], [1, 1, 1, -1, 1, -1, -1, 0], [1, 1, 1, -1, -1, -1, -1, -1], [1, -1, 1, 1, -1, 0, 1, 0], [1, 1, -1, -1, 1, 0, 0, 0], [1, 0, 1, -1, 0, 1, 0, 0], [0, 0, 0, 0, 0, 0, 0, 0]]","[0, 6]"

14:20:35.621939,17,black,MOVED,"[[1, 0, 1, 0, 0, 0, 0, 0], [0, 1, 1, 1, 0, 1, 0, 0], [1, 1, 1, -1, 1, -1, -1, 0], [1, 1, 1, -1, -1, -1, -1, -1], [1, -1, 1, 1, -1, 0, 1, 0], [1, 1, -1, -1, -1, 0, 0, 0], [1, 0, 1, -1, -1, 1, 0, 0], [0, 0, 0, 0, 0, 0, 0, 0]]","[6, 4]"

14:20:35.637694,17,white,THINKING,"[[1, 0, 1, 0, 0, 0, 0, 0], [0, 1, 1, 1, 0, 1, 0, 0], [1, 1, 1, -1, 1, -1, -1, 0], [1, 1, 1, -1, -1, -1, -1, -1], [1, -1, 1, 1, -1, 0, 1, 0], [1, 1, -1, -1, -1, 0, 0, 0], [1, 0, 1, -1, -1, 1, 0, 0], [0, 0, 0, 0, 0, 0, 0, 0]]",

14:20:35.642596,17,white,MOVED,"[[1, 0, 1, 0, 0, 0, 0, 0], [0, 1, 1, 1, 0, 1, 0, 0], [1, 1, 1, -1, 1, 1, 1, 1], [1, 1, 1, -1, -1, -1, -1, -1], [1, -1, 1, 1, -1, 0, 1, 0], [1, 1, -1, -1, -1, 0, 0, 0], [1, 0, 1, -1, -1, 1, 0, 0], [0, 0, 0, 0, 0, 0, 0, 0]]","[7, 2]"

14:20:37.888983,18,black,MOVED,"[[1, 0, 1, 0, 0, 0, 0, 0], [-1, 1, 1, 1, 0, 1, 0, 0], [1, -1, 1, -1, 1, 1, 1, 1], [1, 1, -1, -1, -1, -1, -1, -1], [1, -1, 1, -1, -1, 0, 1, 0], [1, 1, -1, -1, -1, 0, 0, 0], [1, 0, 1, -1, -1, 1, 0, 0], [0, 0, 0, 0, 0, 0, 0, 0]]","[1, 0]"

14:20:37.894236,18,white,THINKING,"[[1, 0, 1, 0, 0, 0, 0, 0], [-1, 1, 1, 1, 0, 1, 0, 0], [1, -1, 1, -1, 1, 1, 1, 1], [1, 1, -1, -1, -1, -1, -1, -1], [1, -1, 1, -1, -1, 0, 1, 0], [1, 1, -1, -1, -1, 0, 0, 0], [1, 0, 1, -1, -1, 1, 0, 0], [0, 0, 0, 0, 0, 0, 0, 0]]",

14:20:37.896154,18,white,MOVED,"[[1, 0, 1, 0, 0, 0, 0, 0], [-1, 1, 1, 1, 0, 1, 0, 0], [1, -1, 1, -1, 1, 1, 1, 1], [1, 1, -1, -1, -1, -1, -1, -1], [1, -1, 1, -1, -1, 0, 1, 0], [1, 1, -1, 1, -1, 0, 0, 0], [1, 0, 1, -1, 1, 1, 0, 0], [0, 0, 0, 0, 0, 1, 0, 0]]","[5, 7]"

14:20:40.139237,19,black,MOVED,"[[1, 0, 1, 0, 0, 0, 0, 0], [-1, 1, 1, 1, 0, 1, 0, 0], [-1, -1, 1, -1, 1, 1, 1, 1], [-1, 1, -1, -1, -1, -1, -1, -1], [-1, -1, 1, -1, -1, 0, 1, 0], [-1, 1, -1, 1, -1, 0, 0, 0], [-1, 0, 1, -1, 1, 1, 0, 0], [-1, 0, 0, 0, 0, 1, 0, 0]]","[7, 0]"

14:20:40.142029,19,white,THINKING,"[[1, 0, 1, 0, 0, 0, 0, 0], [-1, 1, 1, 1, 0, 1, 0, 0], [-1, -1, 1, -1, 1, 1, 1, 1], [-1, 1, -1, -1, -1, -1, -1, -1], [-1, -1, 1, -1, -1, 0, 1, 0], [-1, 1, -1, 1, -1, 0, 0, 0], [-1, 0, 1, -1, 1, 1, 0, 0], [-1, 0, 0, 0, 0, 1, 0, 0]]",

14:20:40.147207,19,white,MOVED,"[[1, 0, 1, 0, 0, 0, 0, 0], [-1, 1, 1, 1, 0, 1, 0, 0], [-1, -1, 1, -1, 1, 1, 1, 1], [-1, 1, -1, -1, 1, -1, -1, -1], [-1, -1, 1, 1, -1, 0, 1, 0], [-1, 1, 1, 1, -1, 0, 0, 0], [-1, 1, 1, -1, 1, 1, 0, 0], [-1, 0, 0, 0, 0, 1, 0, 0]]","[1, 6]"

14:20:44.390232,20,black,MOVED,"[[1, 0, 1, 0, 0, 0, 0, 0], [-1, 1, 1, 1, 0, 1, 0, 0], [-1, -1, 1, -1, 1, 1, 1, 1], [-1, 1, -1, -1, 1, -1, -1, -1], [-1, -1, 1, 1, -1, 0, 1, 0], [-1, -1, 1, -1, -1, 0, 0, 0], [-1, -1, -1, -1, 1, 1, 0, 0], [-1, -1, 0, 0, 0, 1, 0, 0]]","[7, 1]"

14:20:44.392943,20,white,THINKING,"[[1, 0, 1, 0, 0, 0, 0, 0], [-1, 1, 1, 1, 0, 1, 0, 0], [-1, -1, 1, -1, 1, 1, 1, 1], [-1, 1, -1, -1, 1, -1, -1, -1], [-1, -1, 1, 1, -1, 0, 1, 0], [-1, -1, 1, -1, -1, 0, 0, 0], [-1, -1, -1, -1, 1, 1, 0, 0], [-1, -1, 0, 0, 0, 1, 0, 0]]",

14:20:44.399699,20,white,MOVED,"[[1, 0, 1, 0, 0, 0, 0, 0], [-1, 1, 1, 1, 0, 1, 0, 0], [-1, -1, 1, -1, 1, 1, 1, 1], [-1, 1, -1, -1, 1, -1, 1, 1], [-1, -1, 1, 1, -1, 0, 1, 1], [-1, -1, 1, -1, -1, 0, 0, 0], [-1, -1, -1, -1, 1, 1, 0, 0], [-1, -1, 0, 0, 0, 1, 0, 0]]","[7, 4]"

14:20:46.551115,21,black,MOVED,"[[1, 0, 1, 0, 0, 0, 0, 0], [-1, 1, 1, 1, 0, 1, 0, 0], [-1, -1, 1, -1, 1, 1, 1, 1], [-1, 1, -1, -1, 1, -1, 1, 1], [-1, -1, 1, 1, -1, 0, 1, 1], [-1, -1, 1, -1, -1, 0, 0, 0], [-1, -1, -1, -1, -1, 1, 0, 0], [-1, -1, 0, 0, -1, 1, 0, 0]]","[7, 4]"

14:20:46.551115,21,white,THINKING,"[[1, 0, 1, 0, 0, 0, 0, 0], [-1, 1, 1, 1, 0, 1, 0, 0], [-1, -1, 1, -1, 1, 1, 1, 1], [-1, 1, -1, -1, 1, -1, 1, 1], [-1, -1, 1, 1, -1, 0, 1, 1], [-1, -1, 1, -1, -1, 0, 0, 0], [-1, -1, -1, -1, -1, 1, 0, 0], [-1, -1, 0, 0, -1, 1, 0, 0]]",

14:20:46.563698,21,white,MOVED,"[[1, 0, 1, 0, 0, 0, 0, 0], [-1, 1, 1, 1, 0, 1, 0, 0], [-1, -1, 1, -1, 1, 1, 1, 1], [-1, 1, -1, -1, 1, 1, 1, 1], [-1, -1, 1, 1, 1, 1, 1, 1], [-1, -1, 1, -1, -1, 0, 0, 0], [-1, -1, -1, -1, -1, 1, 0, 0], [-1, -1, 0, 0, -1, 1, 0, 0]]","[5, 4]"

14:20:50.707674,22,black,MOVED,"[[1, 0, 1, 0, 0, 0, 0, 0], [-1, -1, -1, -1, -1, 1, 0, 0], [-1, -1, 1, -1, -1, 1, 1, 1], [-1, 1, -1, -1, -1, 1, 1, 1], [-1, -1, 1, 1, -1, 1, 1, 1], [-1, -1, 1, -1, -1, 0, 0, 0], [-1, -1, -1, -1, -1, 1, 0, 0], [-1, -1, 0, 0, -1, 1, 0, 0]]","[1, 4]"

14:20:50.716486,22,white,THINKING,"[[1, 0, 1, 0, 0, 0, 0, 0], [-1, -1, -1, -1, -1, 1, 0, 0], [-1, -1, 1, -1, -1, 1, 1, 1], [-1, 1, -1, -1, -1, 1, 1, 1], [-1, -1, 1, 1, -1, 1, 1, 1], [-1, -1, 1, -1, -1, 0, 0, 0], [-1, -1, -1, -1, -1, 1, 0, 0], [-1, -1, 0, 0, -1, 1, 0, 0]]",

14:20:50.727323,22,white,MOVED,"[[1, 0, 1, 1, 0, 0, 0, 0], [-1, -1, -1, 1, 1, 1, 0, 0], [-1, -1, 1, 1, -1, 1, 1, 1], [-1, 1, -1, 1, -1, 1, 1, 1], [-1, -1, 1, 1, -1, 1, 1, 1], [-1, -1, 1, -1, -1, 0, 0, 0], [-1, -1, -1, -1, -1, 1, 0, 0], [-1, -1, 0, 0, -1, 1, 0, 0]]","[3, 0]"

14:20:52.928347,23,black,MOVED,"[[1, 0, 1, 1, -1, 0, 0, 0], [-1, -1, -1, -1, -1, 1, 0, 0], [-1, -1, -1, 1, -1, 1, 1, 1], [-1, -1, -1, 1, -1, 1, 1, 1], [-1, -1, 1, 1, -1, 1, 1, 1], [-1, -1, 1, -1, -1, 0, 0, 0], [-1, -1, -1, -1, -1, 1, 0, 0], [-1, -1, 0, 0, -1, 1, 0, 0]]","[0, 4]"

14:20:52.938195,23,white,THINKING,"[[1, 0, 1, 1, -1, 0, 0, 0], [-1, -1, -1, -1, -1, 1, 0, 0], [-1, -1, -1, 1, -1, 1, 1, 1], [-1, -1, -1, 1, -1, 1, 1, 1], [-1, -1, 1, 1, -1, 1, 1, 1], [-1, -1, 1, -1, -1, 0, 0, 0], [-1, -1, -1, -1, -1, 1, 0, 0], [-1, -1, 0, 0, -1, 1, 0, 0]]",

14:20:52.938786,23,white,MOVED,"[[1, 1, 1, 1, -1, 0, 0, 0], [-1, -1, 1, -1, -1, 1, 0, 0], [-1, -1, -1, 1, -1, 1, 1, 1], [-1, -1, -1, 1, -1, 1, 1, 1], [-1, -1, 1, 1, -1, 1, 1, 1], [-1, -1, 1, -1, -1, 0, 0, 0], [-1, -1, -1, -1, -1, 1, 0, 0], [-1, -1, 0, 0, -1, 1, 0, 0]]","[1, 0]"

14:20:56.106135,24,black,MOVED,"[[1, 1, 1, 1, -1, 0, 0, 0], [-1, -1, 1, -1, -1, 1, 0, 0], [-1, -1, -1, 1, -1, 1, 1, 1], [-1, -1, -1, 1, -1, 1, 1, 1], [-1, -1, 1, 1, -1, -1, 1, 1], [-1, -1, 1, -1, -1, 0, -1, 0], [-1, -1, -1, -1, -1, -1, 0, 0], [-1, -1, 0, 0, -1, 1, 0, 0]]","[5, 6]"

14:20:56.106135,24,white,THINKING,"[[1, 1, 1, 1, -1, 0, 0, 0], [-1, -1, 1, -1, -1, 1, 0, 0], [-1, -1, -1, 1, -1, 1, 1, 1], [-1, -1, -1, 1, -1, 1, 1, 1], [-1, -1, 1, 1, -1, -1, 1, 1], [-1, -1, 1, -1, -1, 0, -1, 0], [-1, -1, -1, -1, -1, -1, 0, 0], [-1, -1, 0, 0, -1, 1, 0, 0]]",

14:20:56.106135,24,white,MOVED,"[[1, 1, 1, 1, 1, 1, 0, 0], [-1, -1, 1, -1, 1, 1, 0, 0], [-1, -1, -1, 1, -1, 1, 1, 1], [-1, -1, -1, 1, -1, 1, 1, 1], [-1, -1, 1, 1, -1, -1, 1, 1], [-1, -1, 1, -1, -1, 0, -1, 0], [-1, -1, -1, -1, -1, -1, 0, 0], [-1, -1, 0, 0, -1, 1, 0, 0]]","[5, 0]"

14:20:59.393417,25,black,MOVED,"[[1, 1, 1, 1, 1, 1, 0, 0], [-1, -1, 1, -1, 1, 1, 0, 0], [-1, -1, -1, 1, -1, 1, 1, 1], [-1, -1, -1, 1, -1, -1, 1, 1], [-1, -1, 1, 1, -1, -1, -1, 1], [-1, -1, 1, -1, -1, 0, -1, -1], [-1, -1, -1, -1, -1, -1, 0, 0], [-1, -1, 0, 0, -1, 1, 0, 0]]","[5, 7]"

14:20:59.397290,25,white,THINKING,"[[1, 1, 1, 1, 1, 1, 0, 0], [-1, -1, 1, -1, 1, 1, 0, 0], [-1, -1, -1, 1, -1, 1, 1, 1], [-1, -1, -1, 1, -1, -1, 1, 1], [-1, -1, 1, 1, -1, -1, -1, 1], [-1, -1, 1, -1, -1, 0, -1, -1], [-1, -1, -1, -1, -1, -1, 0, 0], [-1, -1, 0, 0, -1, 1, 0, 0]]",

14:20:59.400575,25,white,MOVED,"[[1, 1, 1, 1, 1, 1, 0, 0], [-1, -1, 1, -1, 1, 1, 0, 0], [-1, -1, -1, 1, -1, 1, 1, 1], [-1, -1, -1, 1, -1, -1, 1, 1], [-1, -1, 1, 1, -1, -1, -1, 1], [-1, -1, 1, -1, 1, 0, -1, -1], [-1, -1, -1, -1, -1, 1, 0, 0], [-1, -1, 0, 0, -1, 1, 1, 0]]","[6, 7]"

14:21:02.566841,26,black,MOVED,"[[1, 1, 1, 1, 1, 1, 0, 0], [-1, -1, 1, -1, 1, 1, 0, 0], [-1, -1, -1, 1, -1, 1, 1, 1], [-1, -1, -1, 1, -1, -1, 1, 1], [-1, -1, 1, 1, -1, -1, -1, 1], [-1, -1, 1, -1, 1, 0, -1, -1], [-1, -1, -1, -1, -1, 1, 0, 0], [-1, -1, 0, 0, -1, -1, -1, -1]]","[7, 7]"

14:21:02.566841,26,white,THINKING,"[[1, 1, 1, 1, 1, 1, 0, 0], [-1, -1, 1, -1, 1, 1, 0, 0], [-1, -1, -1, 1, -1, 1, 1, 1], [-1, -1, -1, 1, -1, -1, 1, 1], [-1, -1, 1, 1, -1, -1, -1, 1], [-1, -1, 1, -1, 1, 0, -1, -1], [-1, -1, -1, -1, -1, 1, 0, 0], [-1, -1, 0, 0, -1, -1, -1, -1]]",

14:21:02.577320,26,white,MOVED,"[[1, 1, 1, 1, 1, 1, 0, 0], [-1, -1, 1, -1, 1, 1, 0, 0], [-1, -1, -1, 1, -1, 1, 1, 1], [-1, -1, -1, 1, -1, -1, 1, 1], [-1, -1, 1, 1, -1, -1, -1, 1], [-1, -1, 1, -1, 1, 0, -1, -1], [-1, -1, 1, 1, -1, 1, 0, 0], [-1, -1, 1, 0, -1, -1, -1, -1]]","[2, 7]"

14:21:04.772100,27,black,MOVED,"[[1, 1, 1, 1, 1, 1, 0, 0], [-1, -1, 1, -1, 1, 1, 0, 0], [-1, -1, -1, 1, -1, 1, 1, 1], [-1, -1, -1, 1, -1, -1, 1, 1], [-1, -1, 1, 1, -1, -1, -1, 1], [-1, -1, 1, -1, 1, 0, -1, -1], [-1, -1, -1, -1, -1, 1, 0, 0], [-1, -1, -1, -1, -1, -1, -1, -1]]","[7, 3]"

14:21:04.783599,27,white,THINKING,"[[1, 1, 1, 1, 1, 1, 0, 0], [-1, -1, 1, -1, 1, 1, 0, 0], [-1, -1, -1, 1, -1, 1, 1, 1], [-1, -1, -1, 1, -1, -1, 1, 1], [-1, -1, 1, 1, -1, -1, -1, 1], [-1, -1, 1, -1, 1, 0, -1, -1], [-1, -1, -1, -1, -1, 1, 0, 0], [-1, -1, -1, -1, -1, -1, -1, -1]]",

14:21:04.789598,27,white,MOVED,"[[1, 1, 1, 1, 1, 1, 0, 0], [-1, -1, 1, -1, 1, 1, 0, 0], [-1, -1, -1, 1, -1, 1, 1, 1], [-1, -1, -1, 1, -1, 1, 1, 1], [-1, -1, 1, 1, 1, 1, 1, 1], [-1, -1, 1, -1, 1, 1, -1, -1], [-1, -1, -1, -1, -1, 1, 0, 0], [-1, -1, -1, -1, -1, -1, -1, -1]]","[5, 5]"

14:21:07.174604,28,black,MOVED,"[[1, 1, 1, 1, 1, 1, 0, 0], [-1, -1, 1, -1, 1, 1, 0, 0], [-1, -1, -1, 1, -1, 1, 1, 1], [-1, -1, -1, -1, -1, 1, 1, 1], [-1, -1, 1, 1, -1, 1, 1, 1], [-1, -1, 1, -1, 1, -1, -1, -1], [-1, -1, -1, -1, -1, -1, -1, 0], [-1, -1, -1, -1, -1, -1, -1, -1]]","[6, 6]"

14:21:07.177565,28,white,THINKING,"[[1, 1, 1, 1, 1, 1, 0, 0], [-1, -1, 1, -1, 1, 1, 0, 0], [-1, -1, -1, 1, -1, 1, 1, 1], [-1, -1, -1, -1, -1, 1, 1, 1], [-1, -1, 1, 1, -1, 1, 1, 1], [-1, -1, 1, -1, 1, -1, -1, -1], [-1, -1, -1, -1, -1, -1, -1, 0], [-1, -1, -1, -1, -1, -1, -1, -1]]",

14:21:07.185411,28,white,MOVED,"[[1, 1, 1, 1, 1, 1, 0, 0], [-1, -1, 1, -1, 1, 1, 0, 0], [-1, -1, -1, 1, -1, 1, 1, 1], [-1, -1, -1, -1, -1, 1, 1, 1], [-1, -1, 1, 1, -1, 1, 1, 1], [-1, -1, 1, -1, 1, -1, 1, 1], [-1, -1, -1, -1, -1, -1, -1, 1], [-1, -1, -1, -1, -1, -1, -1, -1]]","[7, 6]"

14:21:11.475498,29,black,MOVED,"[[1, 1, 1, 1, 1, 1, 0, 0], [-1, -1, 1, -1, 1, 1, 0, -1], [-1, -1, -1, 1, -1, 1, -1, -1], [-1, -1, -1, -1, -1, -1, 1, -1], [-1, -1, 1, 1, -1, 1, 1, -1], [-1, -1, 1, -1, 1, -1, 1, -1], [-1, -1, -1, -1, -1, -1, -1, -1], [-1, -1, -1, -1, -1, -1, -1, -1]]","[1, 7]"

14:21:11.478851,29,white,THINKING,"[[1, 1, 1, 1, 1, 1, 0, 0], [-1, -1, 1, -1, 1, 1, 0, -1], [-1, -1, -1, 1, -1, 1, -1, -1], [-1, -1, -1, -1, -1, -1, 1, -1], [-1, -1, 1, 1, -1, 1, 1, -1], [-1, -1, 1, -1, 1, -1, 1, -1], [-1, -1, -1, -1, -1, -1, -1, -1], [-1, -1, -1, -1, -1, -1, -1, -1]]",

14:21:11.478851,29,white,MOVED,"[[1, 1, 1, 1, 1, 1, 0, 0], [-1, -1, 1, -1, 1, 1, 1, -1], [-1, -1, -1, 1, -1, 1, 1, -1], [-1, -1, -1, -1, -1, -1, 1, -1], [-1, -1, 1, 1, -1, 1, 1, -1], [-1, -1, 1, -1, 1, -1, 1, -1], [-1, -1, -1, -1, -1, -1, -1, -1], [-1, -1, -1, -1, -1, -1, -1, -1]]","[6, 1]"

14:21:13.725350,30,black,MOVED,"[[1, 1, 1, 1, 1, 1, 0, -1], [-1, -1, 1, -1, 1, 1, -1, -1], [-1, -1, -1, 1, -1, -1, 1, -1], [-1, -1, -1, -1, -1, -1, 1, -1], [-1, -1, 1, 1, -1, 1, 1, -1], [-1, -1, 1, -1, 1, -1, 1, -1], [-1, -1, -1, -1, -1, -1, -1, -1], [-1, -1, -1, -1, -1, -1, -1, -1]]","[0, 7]"

14:21:13.730060,30,white,THINKING,"[[1, 1, 1, 1, 1, 1, 0, -1], [-1, -1, 1, -1, 1, 1, -1, -1], [-1, -1, -1, 1, -1, -1, 1, -1], [-1, -1, -1, -1, -1, -1, 1, -1], [-1, -1, 1, 1, -1, 1, 1, -1], [-1, -1, 1, -1, 1, -1, 1, -1], [-1, -1, -1, -1, -1, -1, -1, -1], [-1, -1, -1, -1, -1, -1, -1, -1]]",

14:21:13.730060,30,white,MOVED,"[[1, 1, 1, 1, 1, 1, 1, -1], [-1, -1, 1, -1, 1, 1, 1, -1], [-1, -1, -1, 1, -1, -1, 1, -1], [-1, -1, -1, -1, -1, -1, 1, -1], [-1, -1, 1, 1, -1, 1, 1, -1], [-1, -1, 1, -1, 1, -1, 1, -1], [-1, -1, -1, -1, -1, -1, -1, -1], [-1, -1, -1, -1, -1, -1, -1, -1]]","[6, 0]"

14:21:13.931338,30,SYSTEM,GAMEOVER,[],


