timestamp,step,turn,status,board,action,opp_model
20:03:21.821304,0,SYSTEM,INITIAL,"[[0, 0, 0, 0, 0, 0, 0, 0], [0, 0, 0, 0, 0, 0, 0, 0], [0, 0, 0, 0, 0, 0, 0, 0], [0, 0, 0, 1, -1, 0, 0, 0], [0, 0, 0, -1, 1, 0, 0, 0], [0, 0, 0, 0, 0, 0, 0, 0], [0, 0, 0, 0, 0, 0, 0, 0], [0, 0, 0, 0, 0, 0, 0, 0]]",,
20:03:21.833872,1,black,MOVED,"[[0, 0, 0, 0, 0, 0, 0, 0], [0, 0, 0, 0, 0, 0, 0, 0], [0, 0, 0, 0, 0, 0, 0, 0], [0, 0, 0, 1, -1, 0, 0, 0], [0, 0, 0, -1, -1, 0, 0, 0], [0, 0, 0, 0, -1, 0, 0, 0], [0, 0, 0, 0, 0, 0, 0, 0], [0, 0, 0, 0, 0, 0, 0, 0]]","[5, 4]","[0.125, 0.125, 0.125, 0.125, 0.125, 0.125, 0.125, 0.125]"
20:03:21.833872,2,white,THINKING,"[[0, 0, 0, 0, 0, 0, 0, 0], [0, 0, 0, 0, 0, 0, 0, 0], [0, 0, 0, 0, 0, 0, 0, 0], [0, 0, 0, 1, -1, 0, 0, 0], [0, 0, 0, -1, -1, 0, 0, 0], [0, 0, 0, 0, -1, 0, 0, 0], [0, 0, 0, 0, 0, 0, 0, 0], [0, 0, 0, 0, 0, 0, 0, 0]]",,"[0.125, 0.125, 0.125, 0.125, 0.125, 0.125, 0.125, 0.125]"
20:03:22.532427,2,white,MOVED,"[[0, 0, 0, 0, 0, 0, 0, 0], [0, 0, 0, 0, 0, 0, 0, 0], [0, 0, 0, 0, 0, 0, 0, 0], [0, 0, 0, 1, 1, 1, 0, 0], [0, 0, 0, -1, -1, 0, 0, 0], [0, 0, 0, 0, -1, 0, 0, 0], [0, 0, 0, 0, 0, 0, 0, 0], [0, 0, 0, 0, 0, 0, 0, 0]]","[5, 3]","[0.125, 0.125, 0.125, 0.125, 0.125, 0.125, 0.125, 0.125]"
20:03:25.774753,3,black,MOVED,"[[0, 0, 0, 0, 0, 0, 0, 0], [0, 0, 0, 0, 0, 0, 0, 0], [0, 0, 0, -1, 0, 0, 0, 0], [0, 0, 0, -1, 1, 1, 0, 0], [0, 0, 0, -1, -1, 0, 0, 0], [0, 0, 0, 0, -1, 0, 0, 0], [0, 0, 0, 0, 0, 0, 0, 0], [0, 0, 0, 0, 0, 0, 0, 0]]","[2, 3]","[0.125, 0.125, 0.125, 0.125, 0.125, 0.125, 0.125, 0.125]"
20:03:25.774753,4,white,THINKING,"[[0, 0, 0, 0, 0, 0, 0, 0], [0, 0, 0, 0, 0, 0, 0, 0], [0, 0, 0, -1, 0, 0, 0, 0], [0, 0, 0, -1, 1, 1, 0, 0], [0, 0, 0, -1, -1, 0, 0, 0], [0, 0, 0, 0, -1, 0, 0, 0], [0, 0, 0, 0, 0, 0, 0, 0], [0, 0, 0, 0, 0, 0, 0, 0]]",,"[0.125, 0.125, 0.125, 0.125, 0.125, 0.125, 0.125, 0.125]"
20:03:28.286002,4,white,MOVED,"[[0, 0, 0, 0, 0, 0, 0, 0], [0, 0, 0, 0, 0, 0, 0, 0], [0, 0, 0, -1, 0, 0, 0, 0], [0, 0, 0, -1, 1, 1, 0, 0], [0, 0, 0, -1, 1, 0, 0, 0], [0, 0, 0, 0, 1, 0, 0, 0], [0, 0, 0, 0, 1, 0, 0, 0], [0, 0, 0, 0, 0, 0, 0, 0]]","[4, 6]","[0.125, 0.125, 0.125, 0.125, 0.125, 0.125, 0.125, 0.125]"
20:03:31.465548,5,black,MOVED,"[[0, 0, 0, 0, 0, 0, 0, 0], [0, 0, 0, 0, 0, 0, 0, 0], [0, 0, 0, -1, 0, 0, 0, 0], [0, 0, 0, -1, 1, 1, 0, 0], [0, 0, 0, -1, -1, 0, 0, 0], [0, 0, 0, 0, 1, -1, 0, 0], [0, 0, 0, 0, 1, 0, 0, 0], [0, 0, 0, 0, 0, 0, 0, 0]]","[5, 5]","[0.12745231030565674, 0.12740119691143126, 0.127349818898912, 0.12719410200695938, 0.12692932712169375, 0.12638032740753363, 0.12458244762519813, 0.11271046972261509]"
20:03:31.465548,6,white,THINKING,"[[0, 0, 0, 0, 0, 0, 0, 0], [0, 0, 0, 0, 0, 0, 0, 0], [0, 0, 0, -1, 0, 0, 0, 0], [0, 0, 0, -1, 1, 1, 0, 0], [0, 0, 0, -1, -1, 0, 0, 0], [0, 0, 0, 0, 1, -1, 0, 0], [0, 0, 0, 0, 1, 0, 0, 0], [0, 0, 0, 0, 0, 0, 0, 0]]",,"[0.12745231030565674, 0.12740119691143126, 0.127349818898912, 0.12719410200695938, 0.12692932712169375, 0.12638032740753363, 0.12458244762519813, 0.11271046972261509]"
20:03:36.718797,6,white,MOVED,"[[0, 0, 0, 0, 0, 0, 0, 0], [0, 0, 1, 0, 0, 0, 0, 0], [0, 0, 0, 1, 0, 0, 0, 0], [0, 0, 0, -1, 1, 1, 0, 0], [0, 0, 0, -1, -1, 0, 0, 0], [0, 0, 0, 0, 1, -1, 0, 0], [0, 0, 0, 0, 1, 0, 0, 0], [0, 0, 0, 0, 0, 0, 0, 0]]","[2, 1]","[0.12745231030565674, 0.12740119691143126, 0.127349818898912, 0.12719410200695938, 0.12692932712169375, 0.12638032740753363, 0.12458244762519813, 0.11271046972261509]"
20:03:40.010146,7,black,MOVED,"[[0, 0, 0, 0, 0, 0, 0, 0], [0, 0, 1, 0, 0, 0, 0, 0], [0, 0, 0, 1, 0, 0, 0, 0], [0, 0, 0, -1, 1, 1, 0, 0], [0, 0, 0, -1, -1, 0, 0, 0], [0, 0, 0, -1, -1, -1, 0, 0], [0, 0, 0, 0, 1, 0, 0, 0], [0, 0, 0, 0, 0, 0, 0, 0]]","[5, 3]","[0.12745231030565674, 0.12740119691143126, 0.127349818898912, 0.12719410200695938, 0.12692932712169375, 0.12638032740753363, 0.12458244762519813, 0.11271046972261509]"
20:03:40.011970,8,white,THINKING,"[[0, 0, 0, 0, 0, 0, 0, 0], [0, 0, 1, 0, 0, 0, 0, 0], [0, 0, 0, 1, 0, 0, 0, 0], [0, 0, 0, -1, 1, 1, 0, 0], [0, 0, 0, -1, -1, 0, 0, 0], [0, 0, 0, -1, -1, -1, 0, 0], [0, 0, 0, 0, 1, 0, 0, 0], [0, 0, 0, 0, 0, 0, 0, 0]]",,"[0.12745231030565674, 0.12740119691143126, 0.127349818898912, 0.12719410200695938, 0.12692932712169375, 0.12638032740753363, 0.12458244762519813, 0.11271046972261509]"
20:03:48.279550,8,white,MOVED,"[[0, 0, 0, 0, 0, 0, 0, 0], [0, 0, 1, 0, 0, 0, 0, 0], [0, 0, 0, 1, 0, 0, 0, 0], [0, 0, 0, 1, 1, 1, 0, 0], [0, 0, 0, 1, -1, 0, 0, 0], [0, 0, 0, 1, -1, -1, 0, 0], [0, 0, 0, 1, 1, 0, 0, 0], [0, 0, 0, 0, 0, 0, 0, 0]]","[3, 6]","[0.12745231030565674, 0.12740119691143126, 0.127349818898912, 0.12719410200695938, 0.12692932712169375, 0.12638032740753363, 0.12458244762519813, 0.11271046972261509]"
20:03:51.454152,9,black,MOVED,"[[0, 0, 0, 0, 0, 0, 0, 0], [0, 0, 1, 0, 0, 0, 0, 0], [0, 0, 0, 1, 0, 0, 0, 0], [0, 0, 0, 1, 1, 1, 0, 0], [0, 0, 0, 1, -1, 0, 0, 0], [0, 0, -1, -1, -1, -1, 0, 0], [0, 0, 0, 1, 1, 0, 0, 0], [0, 0, 0, 0, 0, 0, 0, 0]]","[5, 2]","[0.12745231030565674, 0.12740119691143126, 0.127349818898912, 0.12719410200695938, 0.12692932712169375, 0.12638032740753363, 0.12458244762519813, 0.11271046972261509]"
20:03:51.454152,10,white,THINKING,"[[0, 0, 0, 0, 0, 0, 0, 0], [0, 0, 1, 0, 0, 0, 0, 0], [0, 0, 0, 1, 0, 0, 0, 0], [0, 0, 0, 1, 1, 1, 0, 0], [0, 0, 0, 1, -1, 0, 0, 0], [0, 0, -1, -1, -1, -1, 0, 0], [0, 0, 0, 1, 1, 0, 0, 0], [0, 0, 0, 0, 0, 0, 0, 0]]",,"[0.12745231030565674, 0.12740119691143126, 0.127349818898912, 0.12719410200695938, 0.12692932712169375, 0.12638032740753363, 0.12458244762519813, 0.11271046972261509]"
20:04:04.148280,10,white,MOVED,"[[0, 0, 0, 0, 0, 0, 0, 0], [0, 0, 1, 0, 0, 0, 0, 0], [0, 0, 0, 1, 0, 0, 0, 0], [0, 0, 0, 1, 1, 1, 0, 0], [0, 1, 0, 1, -1, 0, 0, 0], [0, 0, 1, -1, -1, -1, 0, 0], [0, 0, 0, 1, 1, 0, 0, 0], [0, 0, 0, 0, 0, 0, 0, 0]]","[1, 4]","[0.12745231030565674, 0.12740119691143126, 0.127349818898912, 0.12719410200695938, 0.12692932712169375, 0.12638032740753363, 0.12458244762519813, 0.11271046972261509]"
20:04:07.347037,11,black,MOVED,"[[0, 0, 0, 0, 0, 0, 0, 0], [0, 0, 1, 0, 0, 0, 0, 0], [0, 0, 0, 1, 0, 0, 0, 0], [0, 0, 0, 1, 1, 1, 0, 0], [0, 1, 0, 1, -1, 0, 0, 0], [0, -1, -1, -1, -1, -1, 0, 0], [0, 0, 0, 1, 1, 0, 0, 0], [0, 0, 0, 0, 0, 0, 0, 0]]","[5, 1]","[0.12745231030565674, 0.12740119691143126, 0.127349818898912, 0.12719410200695938, 0.12692932712169375, 0.12638032740753363, 0.12458244762519813, 0.11271046972261509]"
20:04:07.347037,12,white,THINKING,"[[0, 0, 0, 0, 0, 0, 0, 0], [0, 0, 1, 0, 0, 0, 0, 0], [0, 0, 0, 1, 0, 0, 0, 0], [0, 0, 0, 1, 1, 1, 0, 0], [0, 1, 0, 1, -1, 0, 0, 0], [0, -1, -1, -1, -1, -1, 0, 0], [0, 0, 0, 1, 1, 0, 0, 0], [0, 0, 0, 0, 0, 0, 0, 0]]",,"[0.12745231030565674, 0.12740119691143126, 0.127349818898912, 0.12719410200695938, 0.12692932712169375, 0.12638032740753363, 0.12458244762519813, 0.11271046972261509]"
20:04:21.039911,12,white,MOVED,"[[0, 0, 0, 0, 0, 0, 0, 0], [0, 0, 1, 0, 0, 0, 0, 0], [0, 0, 0, 1, 0, 0, 0, 0], [0, 0, 0, 1, 1, 1, 0, 0], [0, 1, 0, 1, -1, 0, 0, 0], [0, -1, -1, -1, 1, -1, 0, 0], [0, 0, 0, 1, 1, 1, 0, 0], [0, 0, 0, 0, 0, 0, 0, 0]]","[5, 6]","[0.12745231030565674, 0.12740119691143126, 0.127349818898912, 0.12719410200695938, 0.12692932712169375, 0.12638032740753363, 0.12458244762519813, 0.11271046972261509]"
20:04:24.266268,13,black,MOVED,"[[0, 0, 0, 0, 0, 0, 0, 0], [0, 0, 1, 0, 0, 0, 0, 0], [0, 0, 0, 1, 0, 0, 0, 0], [0, 0, 0, 1, 1, 1, 0, 0], [0, 1, -1, -1, -1, 0, 0, 0], [0, -1, -1, -1, 1, -1, 0, 0], [0, 0, 0, 1, 1, 1, 0, 0], [0, 0, 0, 0, 0, 0, 0, 0]]","[4, 2]","[0.14714122536094099, 0.14634765557549861, 0.14555608009472892, 0.14319344769155534, 0.13929679252321275, 0.13166286555456141, 0.11013038753384913, 0.03667154566565279]"
20:04:24.266268,14,white,THINKING,"[[0, 0, 0, 0, 0, 0, 0, 0], [0, 0, 1, 0, 0, 0, 0, 0], [0, 0, 0, 1, 0, 0, 0, 0], [0, 0, 0, 1, 1, 1, 0, 0], [0, 1, -1, -1, -1, 0, 0, 0], [0, -1, -1, -1, 1, -1, 0, 0], [0, 0, 0, 1, 1, 1, 0, 0], [0, 0, 0, 0, 0, 0, 0, 0]]",,"[0.14714122536094099, 0.14634765557549861, 0.14555608009472892, 0.14319344769155534, 0.13929679252321275, 0.13166286555456141, 0.11013038753384913, 0.03667154566565279]"
20:04:50.531798,14,white,MOVED,"[[0, 0, 0, 0, 0, 0, 0, 0], [0, 0, 1, 0, 0, 0, 0, 0], [0, 0, 0, 1, 0, 0, 0, 0], [0, 0, 0, 1, 1, 1, 0, 0], [0, 1, 1, 1, 1, 1, 0, 0], [0, -1, -1, -1, 1, 1, 0, 0], [0, 0, 0, 1, 1, 1, 0, 0], [0, 0, 0, 0, 0, 0, 0, 0]]","[5, 4]","[0.14714122536094099, 0.14634765557549861, 0.14555608009472892, 0.14319344769155534, 0.13929679252321275, 0.13166286555456141, 0.11013038753384913, 0.03667154566565279]"
20:04:55.784091,15,black,MOVED,"[[0, 0, 0, 0, 0, 0, 0, 0], [0, 0, 1, 0, 0, 0, 0, 0], [0, 0, 0, 1, 0, 0, 0, 0], [0, 0, 0, 1, 1, 1, 0, 0], [0, 1, 1, 1, 1, 1, 0, 0], [0, -1, -1, -1, 1, 1, 0, 0], [0, 0, 0, -1, 1, 1, 0, 0], [0, 0, 0, -1, 0, 0, 0, 0]]","[7, 3]","[0.14714122536094099, 0.14634765557549861, 0.14555608009472892, 0.14319344769155534, 0.13929679252321275, 0.13166286555456141, 0.11013038753384913, 0.03667154566565279]"
20:04:55.784091,16,white,THINKING,"[[0, 0, 0, 0, 0, 0, 0, 0], [0, 0, 1, 0, 0, 0, 0, 0], [0, 0, 0, 1, 0, 0, 0, 0], [0, 0, 0, 1, 1, 1, 0, 0], [0, 1, 1, 1, 1, 1, 0, 0], [0, -1, -1, -1, 1, 1, 0, 0], [0, 0, 0, -1, 1, 1, 0, 0], [0, 0, 0, -1, 0, 0, 0, 0]]",,"[0.14714122536094099, 0.14634765557549861, 0.14555608009472892, 0.14319344769155534, 0.13929679252321275, 0.13166286555456141, 0.11013038753384913, 0.03667154566565279]"
20:05:03.425220,16,white,MOVED,"[[0, 0, 0, 0, 0, 0, 0, 0], [0, 0, 1, 0, 0, 0, 0, 0], [0, 0, 0, 1, 0, 0, 0, 0], [0, 0, 0, 1, 1, 1, 0, 0], [0, 1, 1, 1, 1, 1, 0, 0], [0, -1, 1, 1, 1, 1, 0, 0], [0, 0, 1, 1, 1, 1, 0, 0], [0, 0, 0, -1, 0, 0, 0, 0]]","[2, 6]","[0.14714122536094099, 0.14634765557549861, 0.14555608009472892, 0.14319344769155534, 0.13929679252321275, 0.13166286555456141, 0.11013038753384913, 0.03667154566565279]"
20:05:06.634941,17,black,MOVED,"[[0, 0, 0, 0, 0, 0, 0, 0], [0, 0, 1, 0, 0, 0, 0, 0], [0, 0, 0, 1, -1, 0, 0, 0], [0, 0, 0, -1, 1, 1, 0, 0], [0, 1, -1, 1, 1, 1, 0, 0], [0, -1, 1, 1, 1, 1, 0, 0], [0, 0, 1, 1, 1, 1, 0, 0], [0, 0, 0, -1, 0, 0, 0, 0]]","[2, 4]","[0.14714122536094099, 0.14634765557549861, 0.14555608009472892, 0.14319344769155534, 0.13929679252321275, 0.13166286555456141, 0.11013038753384913, 0.03667154566565279]"
20:05:06.634941,18,white,THINKING,"[[0, 0, 0, 0, 0, 0, 0, 0], [0, 0, 1, 0, 0, 0, 0, 0], [0, 0, 0, 1, -1, 0, 0, 0], [0, 0, 0, -1, 1, 1, 0, 0], [0, 1, -1, 1, 1, 1, 0, 0], [0, -1, 1, 1, 1, 1, 0, 0], [0, 0, 1, 1, 1, 1, 0, 0], [0, 0, 0, -1, 0, 0, 0, 0]]",,"[0.14714122536094099, 0.14634765557549861, 0.14555608009472892, 0.14319344769155534, 0.13929679252321275, 0.13166286555456141, 0.11013038753384913, 0.03667154566565279]"
20:05:24.130303,18,white,MOVED,"[[0, 0, 0, 0, 0, 0, 0, 0], [0, 0, 1, 1, 0, 0, 0, 0], [0, 0, 0, 1, 1, 0, 0, 0], [0, 0, 0, -1, 1, 1, 0, 0], [0, 1, -1, 1, 1, 1, 0, 0], [0, -1, 1, 1, 1, 1, 0, 0], [0, 0, 1, 1, 1, 1, 0, 0], [0, 0, 0, -1, 0, 0, 0, 0]]","[3, 1]","[0.14714122536094099, 0.14634765557549861, 0.14555608009472892, 0.14319344769155534, 0.13929679252321275, 0.13166286555456141, 0.11013038753384913, 0.03667154566565279]"
20:05:27.320795,19,black,MOVED,"[[0, 0, 0, 0, 0, 0, 0, 0], [0, 0, 1, 1, 0, 0, 0, 0], [0, 0, 0, 1, 1, 0, 0, 0], [0, -1, 0, -1, 1, 1, 0, 0], [0, -1, -1, 1, 1, 1, 0, 0], [0, -1, 1, 1, 1, 1, 0, 0], [0, 0, 1, 1, 1, 1, 0, 0], [0, 0, 0, -1, 0, 0, 0, 0]]","[3, 1]","[0.14714122536094099, 0.14634765557549861, 0.14555608009472892, 0.14319344769155534, 0.13929679252321275, 0.13166286555456141, 0.11013038753384913, 0.03667154566565279]"
20:05:27.320795,20,white,THINKING,"[[0, 0, 0, 0, 0, 0, 0, 0], [0, 0, 1, 1, 0, 0, 0, 0], [0, 0, 0, 1, 1, 0, 0, 0], [0, -1, 0, -1, 1, 1, 0, 0], [0, -1, -1, 1, 1, 1, 0, 0], [0, -1, 1, 1, 1, 1, 0, 0], [0, 0, 1, 1, 1, 1, 0, 0], [0, 0, 0, -1, 0, 0, 0, 0]]",,"[0.14714122536094099, 0.14634765557549861, 0.14555608009472892, 0.14319344769155534, 0.13929679252321275, 0.13166286555456141, 0.11013038753384913, 0.03667154566565279]"
20:05:39.308826,20,white,MOVED,"[[0, 0, 0, 0, 0, 0, 0, 0], [0, 0, 1, 1, 0, 0, 0, 0], [0, 0, 0, 1, 1, 0, 0, 0], [0, -1, 0, 1, 1, 1, 0, 0], [0, -1, 1, 1, 1, 1, 0, 0], [0, 1, 1, 1, 1, 1, 0, 0], [1, 0, 1, 1, 1, 1, 0, 0], [0, 0, 0, -1, 0, 0, 0, 0]]","[0, 6]","[0.14714122536094099, 0.14634765557549861, 0.14555608009472892, 0.14319344769155534, 0.13929679252321275, 0.13166286555456141, 0.11013038753384913, 0.03667154566565279]"
20:05:42.465539,21,black,MOVED,"[[0, 0, 0, 0, 0, 0, 0, 0], [0, 0, 1, 1, 0, 0, 0, 0], [0, 0, 0, 1, 1, 0, 0, 0], [0, -1, 0, 1, 1, 1, 0, 0], [0, -1, 1, 1, 1, 1, 0, 0], [0, -1, 1, 1, 1, 1, 0, 0], [1, -1, 1, 1, 1, 1, 0, 0], [0, 0, 0, -1, 0, 0, 0, 0]]","[6, 1]","[0.14714122536094099, 0.14634765557549861, 0.14555608009472892, 0.14319344769155534, 0.13929679252321275, 0.13166286555456141, 0.11013038753384913, 0.03667154566565279]"
20:05:42.473703,22,white,THINKING,"[[0, 0, 0, 0, 0, 0, 0, 0], [0, 0, 1, 1, 0, 0, 0, 0], [0, 0, 0, 1, 1, 0, 0, 0], [0, -1, 0, 1, 1, 1, 0, 0], [0, -1, 1, 1, 1, 1, 0, 0], [0, -1, 1, 1, 1, 1, 0, 0], [1, -1, 1, 1, 1, 1, 0, 0], [0, 0, 0, -1, 0, 0, 0, 0]]",,"[0.14714122536094099, 0.14634765557549861, 0.14555608009472892, 0.14319344769155534, 0.13929679252321275, 0.13166286555456141, 0.11013038753384913, 0.03667154566565279]"
20:05:50.126553,22,white,MOVED,"[[0, 0, 0, 0, 0, 0, 0, 0], [0, 0, 1, 1, 0, 0, 0, 0], [0, 0, 0, 1, 1, 0, 0, 0], [0, -1, 0, 1, 1, 1, 0, 0], [1, 1, 1, 1, 1, 1, 0, 0], [0, 1, 1, 1, 1, 1, 0, 0], [1, -1, 1, 1, 1, 1, 0, 0], [0, 0, 0, -1, 0, 0, 0, 0]]","[0, 4]","[0.14714122536094099, 0.14634765557549861, 0.14555608009472892, 0.14319344769155534, 0.13929679252321275, 0.13166286555456141, 0.11013038753384913, 0.03667154566565279]"
20:05:55.374736,23,black,MOVED,"[[0, 0, 0, 0, 0, 0, 0, 0], [0, 0, 1, 1, 0, 0, 0, 0], [0, 0, 0, 1, 1, 0, 0, 0], [0, -1, 0, 1, 1, 1, 0, 0], [1, 1, -1, 1, 1, 1, 0, 0], [0, 1, 1, -1, 1, 1, 0, 0], [1, -1, 1, 1, -1, 1, 0, 0], [0, 0, 0, -1, 0, -1, 0, 0]]","[7, 5]","[0.14714122536094099, 0.14634765557549861, 0.14555608009472892, 0.14319344769155534, 0.13929679252321275, 0.13166286555456141, 0.11013038753384913, 0.03667154566565279]"
20:05:55.381586,24,white,THINKING,"[[0, 0, 0, 0, 0, 0, 0, 0], [0, 0, 1, 1, 0, 0, 0, 0], [0, 0, 0, 1, 1, 0, 0, 0], [0, -1, 0, 1, 1, 1, 0, 0], [1, 1, -1, 1, 1, 1, 0, 0], [0, 1, 1, -1, 1, 1, 0, 0], [1, -1, 1, 1, -1, 1, 0, 0], [0, 0, 0, -1, 0, -1, 0, 0]]",,"[0.14714122536094099, 0.14634765557549861, 0.14555608009472892, 0.14319344769155534, 0.13929679252321275, 0.13166286555456141, 0.11013038753384913, 0.03667154566565279]"
20:06:08.804395,24,white,MOVED,"[[0, 0, 0, 0, 0, 0, 0, 0], [0, 0, 1, 1, 0, 0, 0, 0], [0, 1, 0, 1, 1, 0, 0, 0], [0, 1, 0, 1, 1, 1, 0, 0], [1, 1, -1, 1, 1, 1, 0, 0], [0, 1, 1, -1, 1, 1, 0, 0], [1, -1, 1, 1, -1, 1, 0, 0], [0, 0, 0, -1, 0, -1, 0, 0]]","[1, 2]","[0.14714122536094099, 0.14634765557549861, 0.14555608009472892, 0.14319344769155534, 0.13929679252321275, 0.13166286555456141, 0.11013038753384913, 0.03667154566565279]"
20:06:17.086485,25,black,MOVED,"[[0, 0, 0, 0, 0, 0, 0, 0], [0, 0, 1, 1, 0, 0, 0, 0], [0, 1, 0, 1, 1, 0, 0, 0], [0, 1, 0, 1, 1, 1, 0, 0], [1, 1, -1, 1, 1, 1, 0, 0], [0, 1, -1, -1, 1, 1, 0, 0], [1, -1, -1, 1, -1, 1, 0, 0], [0, 0, -1, -1, 0, -1, 0, 0]]","[7, 2]","[0.14714122536094099, 0.14634765557549861, 0.14555608009472892, 0.14319344769155534, 0.13929679252321275, 0.13166286555456141, 0.11013038753384913, 0.03667154566565279]"
20:06:17.086485,26,white,THINKING,"[[0, 0, 0, 0, 0, 0, 0, 0], [0, 0, 1, 1, 0, 0, 0, 0], [0, 1, 0, 1, 1, 0, 0, 0], [0, 1, 0, 1, 1, 1, 0, 0], [1, 1, -1, 1, 1, 1, 0, 0], [0, 1, -1, -1, 1, 1, 0, 0], [1, -1, -1, 1, -1, 1, 0, 0], [0, 0, -1, -1, 0, -1, 0, 0]]",,"[0.14714122536094099, 0.14634765557549861, 0.14555608009472892, 0.14319344769155534, 0.13929679252321275, 0.13166286555456141, 0.11013038753384913, 0.03667154566565279]"
20:06:22.302570,26,white,MOVED,"[[0, 0, 0, 0, 0, 0, 0, 0], [0, 0, 1, 1, 0, 0, 0, 0], [0, 1, 0, 1, 1, 0, 0, 0], [0, 1, 0, 1, 1, 1, 0, 0], [1, 1, -1, 1, 1, 1, 0, 0], [0, 1, -1, -1, 1, 1, 0, 0], [1, -1, -1, 1, 1, 1, 0, 0], [0, 0, -1, -1, 1, -1, 0, 0]]","[4, 7]","[0.14714122536094099, 0.14634765557549861, 0.14555608009472892, 0.14319344769155534, 0.13929679252321275, 0.13166286555456141, 0.11013038753384913, 0.03667154566565279]"
20:06:25.462675,27,black,MOVED,"[[0, 0, 0, 0, 0, 0, 0, 0], [0, 0, 1, 1, 0, 0, 0, 0], [0, 1, 0, 1, 1, 0, 0, 0], [0, 1, 0, 1, 1, 1, 0, 0], [1, 1, -1, 1, 1, 1, 0, 0], [-1, -1, -1, -1, 1, 1, 0, 0], [1, -1, -1, 1, 1, 1, 0, 0], [0, 0, -1, -1, 1, -1, 0, 0]]","[5, 0]","[0.14714122536094099, 0.14634765557549861, 0.14555608009472892, 0.14319344769155534, 0.13929679252321275, 0.13166286555456141, 0.11013038753384913, 0.03667154566565279]"
20:06:25.462675,28,white,THINKING,"[[0, 0, 0, 0, 0, 0, 0, 0], [0, 0, 1, 1, 0, 0, 0, 0], [0, 1, 0, 1, 1, 0, 0, 0], [0, 1, 0, 1, 1, 1, 0, 0], [1, 1, -1, 1, 1, 1, 0, 0], [-1, -1, -1, -1, 1, 1, 0, 0], [1, -1, -1, 1, 1, 1, 0, 0], [0, 0, -1, -1, 1, -1, 0, 0]]",,"[0.14714122536094099, 0.14634765557549861, 0.14555608009472892, 0.14319344769155534, 0.13929679252321275, 0.13166286555456141, 0.11013038753384913, 0.03667154566565279]"
20:06:30.138830,28,white,MOVED,"[[0, 0, 0, 0, 0, 0, 0, 0], [0, 0, 1, 1, 0, 0, 0, 0], [0, 1, 0, 1, 1, 0, 0, 0], [0, 1, 0, 1, 1, 1, 0, 0], [1, 1, -1, 1, 1, 1, 0, 0], [-1, -1, 1, -1, 1, 1, 0, 0], [1, 1, -1, 1, 1, 1, 0, 0], [1, 0, -1, -1, 1, -1, 0, 0]]","[0, 7]","[0.14714122536094099, 0.14634765557549861, 0.14555608009472892, 0.14319344769155534, 0.13929679252321275, 0.13166286555456141, 0.11013038753384913, 0.03667154566565279]"
20:06:33.375293,29,black,MOVED,"[[0, 0, 0, 0, 0, 0, 0, 0], [0, 0, 1, 1, 0, 0, 0, 0], [0, 1, 0, 1, 1, 0, 0, 0], [0, 1, 0, 1, 1, 1, 0, 0], [1, 1, -1, 1, 1, 1, 0, 0], [-1, -1, 1, -1, 1, 1, 0, 0], [1, -1, -1, 1, 1, 1, 0, 0], [1, -1, -1, -1, 1, -1, 0, 0]]","[7, 1]","[0.14714122536094099, 0.14634765557549861, 0.14555608009472892, 0.14319344769155534, 0.13929679252321275, 0.13166286555456141, 0.11013038753384913, 0.03667154566565279]"
20:06:33.376307,30,white,THINKING,"[[0, 0, 0, 0, 0, 0, 0, 0], [0, 0, 1, 1, 0, 0, 0, 0], [0, 1, 0, 1, 1, 0, 0, 0], [0, 1, 0, 1, 1, 1, 0, 0], [1, 1, -1, 1, 1, 1, 0, 0], [-1, -1, 1, -1, 1, 1, 0, 0], [1, -1, -1, 1, 1, 1, 0, 0], [1, -1, -1, -1, 1, -1, 0, 0]]",,"[0.14714122536094099, 0.14634765557549861, 0.14555608009472892, 0.14319344769155534, 0.13929679252321275, 0.13166286555456141, 0.11013038753384913, 0.03667154566565279]"
20:06:36.300423,30,white,MOVED,"[[0, 0, 0, 0, 0, 0, 0, 0], [0, 0, 1, 1, 0, 0, 0, 0], [0, 1, 0, 1, 1, 0, 0, 0], [0, 1, 0, 1, 1, 1, 0, 0], [1, 1, -1, 1, 1, 1, 0, 0], [-1, -1, 1, -1, 1, 1, 0, 0], [1, -1, -1, 1, 1, 1, 0, 0], [1, -1, -1, -1, 1, 1, 1, 0]]","[6, 7]","[0.14714122536094099, 0.14634765557549861, 0.14555608009472892, 0.14319344769155534, 0.13929679252321275, 0.13166286555456141, 0.11013038753384913, 0.03667154566565279]"
20:06:39.457069,31,black,MOVED,"[[0, 0, 0, 0, 0, 0, 0, 0], [0, 0, 1, 1, 0, 0, 0, 0], [0, 1, 0, 1, 1, 0, 0, 0], [0, 1, -1, 1, 1, 1, 0, 0], [1, -1, -1, 1, 1, 1, 0, 0], [-1, -1, 1, -1, 1, 1, 0, 0], [1, -1, -1, 1, 1, 1, 0, 0], [1, -1, -1, -1, 1, 1, 1, 0]]","[3, 2]","[0.14714122536094099, 0.14634765557549861, 0.14555608009472892, 0.14319344769155534, 0.13929679252321275, 0.13166286555456141, 0.11013038753384913, 0.03667154566565279]"
20:06:39.457069,32,white,THINKING,"[[0, 0, 0, 0, 0, 0, 0, 0], [0, 0, 1, 1, 0, 0, 0, 0], [0, 1, 0, 1, 1, 0, 0, 0], [0, 1, -1, 1, 1, 1, 0, 0], [1, -1, -1, 1, 1, 1, 0, 0], [-1, -1, 1, -1, 1, 1, 0, 0], [1, -1, -1, 1, 1, 1, 0, 0], [1, -1, -1, -1, 1, 1, 1, 0]]",,"[0.14714122536094099, 0.14634765557549861, 0.14555608009472892, 0.14319344769155534, 0.13929679252321275, 0.13166286555456141, 0.11013038753384913, 0.03667154566565279]"
20:06:42.241879,32,white,MOVED,"[[0, 0, 0, 0, 0, 0, 0, 0], [0, 0, 1, 1, 0, 0, 0, 0], [0, 1, 0, 1, 1, 0, 0, 0], [1, 1, -1, 1, 1, 1, 0, 0], [1, 1, -1, 1, 1, 1, 0, 0], [-1, -1, 1, -1, 1, 1, 0, 0], [1, -1, -1, 1, 1, 1, 0, 0], [1, -1, -1, -1, 1, 1, 1, 0]]","[0, 3]","[0.14714122536094099, 0.14634765557549861, 0.14555608009472892, 0.14319344769155534, 0.13929679252321275, 0.13166286555456141, 0.11013038753384913, 0.03667154566565279]"
20:06:48.422070,33,black,MOVED,"[[0, 0, 0, 0, 0, 0, 0, 0], [0, 0, 1, 1, 0, 0, 0, 0], [-1, 1, 0, 1, 1, 0, 0, 0], [-1, -1, -1, 1, 1, 1, 0, 0], [-1, 1, -1, 1, 1, 1, 0, 0], [-1, -1, 1, -1, 1, 1, 0, 0], [1, -1, -1, 1, 1, 1, 0, 0], [1, -1, -1, -1, 1, 1, 1, 0]]","[2, 0]","[0.14714122536094099, 0.14634765557549861, 0.14555608009472892, 0.14319344769155534, 0.13929679252321275, 0.13166286555456141, 0.11013038753384913, 0.03667154566565279]"
20:06:48.422070,34,white,THINKING,"[[0, 0, 0, 0, 0, 0, 0, 0], [0, 0, 1, 1, 0, 0, 0, 0], [-1, 1, 0, 1, 1, 0, 0, 0], [-1, -1, -1, 1, 1, 1, 0, 0], [-1, 1, -1, 1, 1, 1, 0, 0], [-1, -1, 1, -1, 1, 1, 0, 0], [1, -1, -1, 1, 1, 1, 0, 0], [1, -1, -1, -1, 1, 1, 1, 0]]",,"[0.14714122536094099, 0.14634765557549861, 0.14555608009472892, 0.14319344769155534, 0.13929679252321275, 0.13166286555456141, 0.11013038753384913, 0.03667154566565279]"
20:06:51.079753,34,white,MOVED,"[[0, 0, 0, 0, 0, 0, 0, 0], [0, 0, 1, 1, 0, 0, 0, 0], [-1, 1, 1, 1, 1, 0, 0, 0], [-1, -1, 1, 1, 1, 1, 0, 0], [-1, 1, 1, 1, 1, 1, 0, 0], [-1, -1, 1, -1, 1, 1, 0, 0], [1, -1, -1, 1, 1, 1, 0, 0], [1, -1, -1, -1, 1, 1, 1, 0]]","[2, 2]","[0.14714122536094099, 0.14634765557549861, 0.14555608009472892, 0.14319344769155534, 0.13929679252321275, 0.13166286555456141, 0.11013038753384913, 0.03667154566565279]"
20:06:56.338005,35,black,MOVED,"[[0, 0, 0, 0, 0, 0, 0, 0], [0, 0, 1, 1, 0, 0, 0, 0], [-1, 1, 1, 1, 1, 0, 0, 0], [-1, -1, 1, 1, 1, 1, 0, 0], [-1, 1, 1, 1, 1, 1, 0, 0], [-1, -1, 1, -1, 1, 1, 0, 0], [1, -1, -1, 1, 1, 1, 0, 0], [1, -1, -1, -1, -1, -1, -1, -1]]","[7, 7]","[0.039152068534905396, 0.043451159497937125, 0.0481499055601205, 0.06487266210639507, 0.10248400427455366, 0.20928103119693967, 0.36575845671068397, 0.1268507121184646]"
20:06:56.341312,36,white,THINKING,"[[0, 0, 0, 0, 0, 0, 0, 0], [0, 0, 1, 1, 0, 0, 0, 0], [-1, 1, 1, 1, 1, 0, 0, 0], [-1, -1, 1, 1, 1, 1, 0, 0], [-1, 1, 1, 1, 1, 1, 0, 0], [-1, -1, 1, -1, 1, 1, 0, 0], [1, -1, -1, 1, 1, 1, 0, 0], [1, -1, -1, -1, -1, -1, -1, -1]]",,"[0.039152068534905396, 0.043451159497937125, 0.0481499055601205, 0.06487266210639507, 0.10248400427455366, 0.20928103119693967, 0.36575845671068397, 0.1268507121184646]"
20:06:57.397364,36,white,MOVED,"[[0, 0, 0, 0, 0, 0, 0, 0], [1, 0, 1, 1, 0, 0, 0, 0], [1, 1, 1, 1, 1, 0, 0, 0], [1, -1, 1, 1, 1, 1, 0, 0], [1, 1, 1, 1, 1, 1, 0, 0], [1, -1, 1, -1, 1, 1, 0, 0], [1, -1, -1, 1, 1, 1, 0, 0], [1, -1, -1, -1, -1, -1, -1, -1]]","[0, 1]","[0.039152068534905396, 0.043451159497937125, 0.0481499055601205, 0.06487266210639507, 0.10248400427455366, 0.20928103119693967, 0.36575845671068397, 0.1268507121184646]"
20:07:03.608669,37,black,MOVED,"[[0, 0, 0, 0, 0, 0, 0, 0], [1, 0, 1, 1, 0, 0, 0, 0], [1, 1, 1, 1, 1, 0, 0, 0], [1, -1, 1, 1, 1, 1, 0, 0], [1, 1, 1, 1, 1, 1, 0, 0], [1, -1, 1, -1, 1, 1, 0, 0], [1, -1, -1, -1, -1, -1, -1, 0], [1, -1, -1, -1, -1, -1, -1, -1]]","[6, 6]","[0.11267174012257389, 0.11947810526543304, 0.12645675159288458, 0.1481282324397856, 0.1841142913464036, 0.22813236124339226, 0.08101328739815225, 5.230591374763502e-06]"
20:07:03.616817,38,white,THINKING,"[[0, 0, 0, 0, 0, 0, 0, 0], [1, 0, 1, 1, 0, 0, 0, 0], [1, 1, 1, 1, 1, 0, 0, 0], [1, -1, 1, 1, 1, 1, 0, 0], [1, 1, 1, 1, 1, 1, 0, 0], [1, -1, 1, -1, 1, 1, 0, 0], [1, -1, -1, -1, -1, -1, -1, 0], [1, -1, -1, -1, -1, -1, -1, -1]]",,"[0.11267174012257389, 0.11947810526543304, 0.12645675159288458, 0.1481282324397856, 0.1841142913464036, 0.22813236124339226, 0.08101328739815225, 5.230591374763502e-06]"
20:07:04.703338,38,white,MOVED,"[[0, 0, 0, 0, 0, 0, 0, 0], [1, 0, 1, 1, 0, 0, 0, 0], [1, 1, 1, 1, 1, 0, 0, 0], [1, -1, 1, 1, 1, 1, 0, 0], [1, 1, 1, 1, 1, 1, 0, 0], [1, -1, 1, -1, 1, 1, 0, 0], [1, 1, 1, 1, 1, 1, 1, 1], [1, -1, -1, -1, -1, -1, -1, -1]]","[7, 6]","[0.11267174012257389, 0.11947810526543304, 0.12645675159288458, 0.1481282324397856, 0.1841142913464036, 0.22813236124339226, 0.08101328739815225, 5.230591374763502e-06]"
20:07:09.947943,39,black,MOVED,"[[0, 0, 0, 0, 0, 0, 0, 0], [1, -1, 1, 1, 0, 0, 0, 0], [1, -1, -1, 1, 1, 0, 0, 0], [1, -1, 1, -1, 1, 1, 0, 0], [1, 1, 1, 1, -1, 1, 0, 0], [1, -1, 1, -1, 1, -1, 0, 0], [1, 1, 1, 1, 1, 1, -1, 1], [1, -1, -1, -1, -1, -1, -1, -1]]","[1, 1]","[0.2460021927339523, 0.23075440772405362, 0.21543784941116623, 0.17066898534864822, 0.10641289957289078, 0.03060919739792476, 0.00011446781136422792, 6.908138264098906e-19]"
20:07:09.956369,40,white,THINKING,"[[0, 0, 0, 0, 0, 0, 0, 0], [1, -1, 1, 1, 0, 0, 0, 0], [1, -1, -1, 1, 1, 0, 0, 0], [1, -1, 1, -1, 1, 1, 0, 0], [1, 1, 1, 1, -1, 1, 0, 0], [1, -1, 1, -1, 1, -1, 0, 0], [1, 1, 1, 1, 1, 1, -1, 1], [1, -1, -1, -1, -1, -1, -1, -1]]",,"[0.2460021927339523, 0.23075440772405362, 0.21543784941116623, 0.17066898534864822, 0.10641289957289078, 0.03060919739792476, 0.00011446781136422792, 6.908138264098906e-19]"
20:07:15.605074,40,white,MOVED,"[[0, 0, 0, 0, 0, 0, 0, 0], [1, -1, 1, 1, 0, 0, 0, 0], [1, -1, -1, 1, 1, 0, 0, 0], [1, -1, 1, -1, 1, 1, 0, 0], [1, 1, 1, 1, -1, 1, 0, 0], [1, -1, 1, -1, 1, 1, 1, 0], [1, 1, 1, 1, 1, 1, -1, 1], [1, -1, -1, -1, -1, -1, -1, -1]]","[6, 5]","[0.2460021927339523, 0.23075440772405362, 0.21543784941116623, 0.17066898534864822, 0.10641289957289078, 0.03060919739792476, 0.00011446781136422792, 6.908138264098906e-19]"
20:07:19.861250,41,black,MOVED,"[[0, 0, 0, 0, 0, 0, 0, 0], [1, -1, 1, 1, 0, 0, 0, 0], [1, -1, -1, 1, 1, 0, 0, 0], [1, -1, 1, -1, -1, -1, -1, 0], [1, 1, 1, 1, -1, -1, 0, 0], [1, -1, 1, -1, -1, 1, 1, 0], [1, 1, 1, -1, 1, 1, -1, 1], [1, -1, -1, -1, -1, -1, -1, -1]]","[3, 6]","[0.2460021927339523, 0.23075440772405362, 0.21543784941116623, 0.17066898534864822, 0.10641289957289078, 0.03060919739792476, 0.00011446781136422792, 6.908138264098906e-19]"
20:07:19.861250,42,white,THINKING,"[[0, 0, 0, 0, 0, 0, 0, 0], [1, -1, 1, 1, 0, 0, 0, 0], [1, -1, -1, 1, 1, 0, 0, 0], [1, -1, 1, -1, -1, -1, -1, 0], [1, 1, 1, 1, -1, -1, 0, 0], [1, -1, 1, -1, -1, 1, 1, 0], [1, 1, 1, -1, 1, 1, -1, 1], [1, -1, -1, -1, -1, -1, -1, -1]]",,"[0.2460021927339523, 0.23075440772405362, 0.21543784941116623, 0.17066898534864822, 0.10641289957289078, 0.03060919739792476, 0.00011446781136422792, 6.908138264098906e-19]"
20:07:31.386211,42,white,MOVED,"[[0, 0, 0, 0, 0, 0, 0, 0], [1, -1, 1, 1, 0, 0, 0, 0], [1, -1, -1, 1, 1, 0, 1, 0], [1, -1, 1, -1, -1, 1, -1, 0], [1, 1, 1, 1, 1, -1, 0, 0], [1, -1, 1, 1, -1, 1, 1, 0], [1, 1, 1, -1, 1, 1, -1, 1], [1, -1, -1, -1, -1, -1, -1, -1]]","[6, 2]","[0.2460021927339523, 0.23075440772405362, 0.21543784941116623, 0.17066898534864822, 0.10641289957289078, 0.03060919739792476, 0.00011446781136422792, 6.908138264098906e-19]"
20:07:35.629709,43,black,MOVED,"[[0, 0, 0, 0, 0, 0, 0, 0], [1, -1, 1, 1, 0, 0, 0, 0], [1, -1, -1, -1, -1, -1, 1, 0], [1, -1, 1, -1, -1, -1, -1, 0], [1, 1, 1, 1, 1, -1, 0, 0], [1, -1, 1, 1, -1, 1, 1, 0], [1, 1, 1, -1, 1, 1, -1, 1], [1, -1, -1, -1, -1, -1, -1, -1]]","[2, 5]","[0.2460021927339523, 0.23075440772405362, 0.21543784941116623, 0.17066898534864822, 0.10641289957289078, 0.03060919739792476, 0.00011446781136422792, 6.908138264098906e-19]"
20:07:35.631719,44,white,THINKING,"[[0, 0, 0, 0, 0, 0, 0, 0], [1, -1, 1, 1, 0, 0, 0, 0], [1, -1, -1, -1, -1, -1, 1, 0], [1, -1, 1, -1, -1, -1, -1, 0], [1, 1, 1, 1, 1, -1, 0, 0], [1, -1, 1, 1, -1, 1, 1, 0], [1, 1, 1, -1, 1, 1, -1, 1], [1, -1, -1, -1, -1, -1, -1, -1]]",,"[0.2460021927339523, 0.23075440772405362, 0.21543784941116623, 0.17066898534864822, 0.10641289957289078, 0.03060919739792476, 0.00011446781136422792, 6.908138264098906e-19]"
20:07:51.935741,44,white,MOVED,"[[1, 0, 0, 0, 0, 0, 0, 0], [1, 1, 1, 1, 0, 0, 0, 0], [1, -1, 1, -1, -1, -1, 1, 0], [1, -1, 1, 1, -1, -1, -1, 0], [1, 1, 1, 1, 1, -1, 0, 0], [1, -1, 1, 1, -1, 1, 1, 0], [1, 1, 1, -1, 1, 1, -1, 1], [1, -1, -1, -1, -1, -1, -1, -1]]","[0, 0]","[0.2460021927339523, 0.23075440772405362, 0.21543784941116623, 0.17066898534864822, 0.10641289957289078, 0.03060919739792476, 0.00011446781136422792, 6.908138264098906e-19]"
20:07:55.180196,45,black,MOVED,"[[1, -1, 0, 0, 0, 0, 0, 0], [1, -1, -1, 1, 0, 0, 0, 0], [1, -1, 1, -1, -1, -1, 1, 0], [1, -1, 1, 1, -1, -1, -1, 0], [1, 1, 1, 1, 1, -1, 0, 0], [1, -1, 1, 1, -1, 1, 1, 0], [1, 1, 1, -1, 1, 1, -1, 1], [1, -1, -1, -1, -1, -1, -1, -1]]","[0, 1]","[0.2460021927339523, 0.23075440772405362, 0.21543784941116623, 0.17066898534864822, 0.10641289957289078, 0.03060919739792476, 0.00011446781136422792, 6.908138264098906e-19]"
20:07:55.186623,46,white,THINKING,"[[1, -1, 0, 0, 0, 0, 0, 0], [1, -1, -1, 1, 0, 0, 0, 0], [1, -1, 1, -1, -1, -1, 1, 0], [1, -1, 1, 1, -1, -1, -1, 0], [1, 1, 1, 1, 1, -1, 0, 0], [1, -1, 1, 1, -1, 1, 1, 0], [1, 1, 1, -1, 1, 1, -1, 1], [1, -1, -1, -1, -1, -1, -1, -1]]",,"[0.2460021927339523, 0.23075440772405362, 0.21543784941116623, 0.17066898534864822, 0.10641289957289078, 0.03060919739792476, 0.00011446781136422792, 6.908138264098906e-19]"
20:08:04.324732,46,white,MOVED,"[[1, -1, 0, 1, 0, 0, 0, 0], [1, -1, 1, 1, 0, 0, 0, 0], [1, 1, 1, -1, -1, -1, 1, 0], [1, -1, 1, 1, -1, -1, -1, 0], [1, 1, 1, 1, 1, -1, 0, 0], [1, -1, 1, 1, -1, 1, 1, 0], [1, 1, 1, -1, 1, 1, -1, 1], [1, -1, -1, -1, -1, -1, -1, -1]]","[3, 0]","[0.2460021927339523, 0.23075440772405362, 0.21543784941116623, 0.17066898534864822, 0.10641289957289078, 0.03060919739792476, 0.00011446781136422792, 6.908138264098906e-19]"
20:08:10.543842,47,black,MOVED,"[[1, -1, 0, 1, 0, 0, 0, 0], [1, -1, 1, 1, 0, 0, 0, -1], [1, 1, 1, -1, -1, -1, -1, 0], [1, -1, 1, 1, -1, -1, -1, 0], [1, 1, 1, 1, 1, -1, 0, 0], [1, -1, 1, 1, -1, 1, 1, 0], [1, 1, 1, -1, 1, 1, -1, 1], [1, -1, -1, -1, -1, -1, -1, -1]]","[1, 7]","[0.2460021927339523, 0.23075440772405362, 0.21543784941116623, 0.17066898534864822, 0.10641289957289078, 0.03060919739792476, 0.00011446781136422792, 6.908138264098906e-19]"
20:08:10.543842,48,white,THINKING,"[[1, -1, 0, 1, 0, 0, 0, 0], [1, -1, 1, 1, 0, 0, 0, -1], [1, 1, 1, -1, -1, -1, -1, 0], [1, -1, 1, 1, -1, -1, -1, 0], [1, 1, 1, 1, 1, -1, 0, 0], [1, -1, 1, 1, -1, 1, 1, 0], [1, 1, 1, -1, 1, 1, -1, 1], [1, -1, -1, -1, -1, -1, -1, -1]]",,"[0.2460021927339523, 0.23075440772405362, 0.21543784941116623, 0.17066898534864822, 0.10641289957289078, 0.03060919739792476, 0.00011446781136422792, 6.908138264098906e-19]"
20:08:15.963585,48,white,MOVED,"[[1, 1, 1, 1, 0, 0, 0, 0], [1, 1, 1, 1, 0, 0, 0, -1], [1, 1, 1, -1, -1, -1, -1, 0], [1, -1, 1, 1, -1, -1, -1, 0], [1, 1, 1, 1, 1, -1, 0, 0], [1, -1, 1, 1, -1, 1, 1, 0], [1, 1, 1, -1, 1, 1, -1, 1], [1, -1, -1, -1, -1, -1, -1, -1]]","[2, 0]","[0.2460021927339523, 0.23075440772405362, 0.21543784941116623, 0.17066898534864822, 0.10641289957289078, 0.03060919739792476, 0.00011446781136422792, 6.908138264098906e-19]"
20:08:20.171884,49,black,MOVED,"[[1, 1, 1, 1, 0, 0, 0, 0], [1, 1, 1, 1, 0, 0, 0, -1], [1, 1, 1, -1, -1, -1, -1, 0], [1, -1, 1, 1, -1, -1, -1, 0], [1, 1, 1, 1, 1, -1, -1, 0], [1, -1, 1, 1, -1, -1, -1, 0], [1, 1, 1, -1, -1, 1, -1, 1], [1, -1, -1, -1, -1, -1, -1, -1]]","[4, 6]","[0.2460021927339523, 0.23075440772405362, 0.21543784941116623, 0.17066898534864822, 0.10641289957289078, 0.03060919739792476, 0.00011446781136422792, 6.908138264098906e-19]"
20:08:20.171884,50,white,THINKING,"[[1, 1, 1, 1, 0, 0, 0, 0], [1, 1, 1, 1, 0, 0, 0, -1], [1, 1, 1, -1, -1, -1, -1, 0], [1, -1, 1, 1, -1, -1, -1, 0], [1, 1, 1, 1, 1, -1, -1, 0], [1, -1, 1, 1, -1, -1, -1, 0], [1, 1, 1, -1, -1, 1, -1, 1], [1, -1, -1, -1, -1, -1, -1, -1]]",,"[0.2460021927339523, 0.23075440772405362, 0.21543784941116623, 0.17066898534864822, 0.10641289957289078, 0.03060919739792476, 0.00011446781136422792, 6.908138264098906e-19]"
20:08:22.277501,50,white,MOVED,"[[1, 1, 1, 1, 0, 0, 0, 0], [1, 1, 1, 1, 0, 0, 0, -1], [1, 1, 1, -1, -1, -1, -1, 0], [1, -1, 1, 1, -1, -1, -1, 0], [1, 1, 1, 1, 1, 1, 1, 1], [1, -1, 1, 1, -1, -1, 1, 0], [1, 1, 1, -1, -1, 1, -1, 1], [1, -1, -1, -1, -1, -1, -1, -1]]","[7, 4]","[0.2460021927339523, 0.23075440772405362, 0.21543784941116623, 0.17066898534864822, 0.10641289957289078, 0.03060919739792476, 0.00011446781136422792, 6.908138264098906e-19]"
20:08:34.455662,51,black,MOVED,"[[1, 1, 1, 1, 0, 0, 0, 0], [1, 1, 1, 1, 0, 0, 0, -1], [1, 1, 1, -1, -1, -1, -1, 0], [1, -1, 1, 1, -1, -1, -1, 0], [1, 1, 1, 1, 1, 1, -1, 1], [1, -1, 1, 1, -1, -1, -1, -1], [1, 1, 1, -1, -1, 1, -1, -1], [1, -1, -1, -1, -1, -1, -1, -1]]","[5, 7]","[0.2460021927339523, 0.23075440772405362, 0.21543784941116623, 0.17066898534864822, 0.10641289957289078, 0.03060919739792476, 0.00011446781136422792, 6.908138264098906e-19]"
20:08:34.455662,52,white,THINKING,"[[1, 1, 1, 1, 0, 0, 0, 0], [1, 1, 1, 1, 0, 0, 0, -1], [1, 1, 1, -1, -1, -1, -1, 0], [1, -1, 1, 1, -1, -1, -1, 0], [1, 1, 1, 1, 1, 1, -1, 1], [1, -1, 1, 1, -1, -1, -1, -1], [1, 1, 1, -1, -1, 1, -1, -1], [1, -1, -1, -1, -1, -1, -1, -1]]",,"[0.2460021927339523, 0.23075440772405362, 0.21543784941116623, 0.17066898534864822, 0.10641289957289078, 0.03060919739792476, 0.00011446781136422792, 6.908138264098906e-19]"
20:08:35.291687,52,white,MOVED,"[[1, 1, 1, 1, 0, 0, 0, 0], [1, 1, 1, 1, 0, 0, 0, -1], [1, 1, 1, -1, -1, -1, -1, 0], [1, -1, 1, 1, 1, 1, 1, 1], [1, 1, 1, 1, 1, 1, -1, 1], [1, -1, 1, 1, -1, -1, -1, -1], [1, 1, 1, -1, -1, 1, -1, -1], [1, -1, -1, -1, -1, -1, -1, -1]]","[7, 3]","[0.2460021927339523, 0.23075440772405362, 0.21543784941116623, 0.17066898534864822, 0.10641289957289078, 0.03060919739792476, 0.00011446781136422792, 6.908138264098906e-19]"
20:08:47.507854,53,black,MOVED,"[[1, 1, 1, 1, 0, 0, 0, 0], [1, 1, 1, 1, 0, 0, 0, -1], [1, 1, 1, -1, -1, -1, -1, -1], [1, -1, 1, 1, 1, 1, -1, -1], [1, 1, 1, 1, 1, -1, -1, -1], [1, -1, 1, 1, -1, -1, -1, -1], [1, 1, 1, -1, -1, 1, -1, -1], [1, -1, -1, -1, -1, -1, -1, -1]]","[2, 7]","[0.2460021927339523, 0.23075440772405362, 0.21543784941116623, 0.17066898534864822, 0.10641289957289078, 0.03060919739792476, 0.00011446781136422792, 6.908138264098906e-19]"
20:08:47.507854,54,white,THINKING,"[[1, 1, 1, 1, 0, 0, 0, 0], [1, 1, 1, 1, 0, 0, 0, -1], [1, 1, 1, -1, -1, -1, -1, -1], [1, -1, 1, 1, 1, 1, -1, -1], [1, 1, 1, 1, 1, -1, -1, -1], [1, -1, 1, 1, -1, -1, -1, -1], [1, 1, 1, -1, -1, 1, -1, -1], [1, -1, -1, -1, -1, -1, -1, -1]]",,"[0.2460021927339523, 0.23075440772405362, 0.21543784941116623, 0.17066898534864822, 0.10641289957289078, 0.03060919739792476, 0.00011446781136422792, 6.908138264098906e-19]"
20:08:47.764827,54,white,MOVED,"[[1, 1, 1, 1, 0, 0, 0, 0], [1, 1, 1, 1, 0, 1, 0, -1], [1, 1, 1, -1, 1, 1, -1, -1], [1, -1, 1, 1, 1, 1, -1, -1], [1, 1, 1, 1, 1, -1, -1, -1], [1, -1, 1, 1, -1, -1, -1, -1], [1, 1, 1, -1, -1, 1, -1, -1], [1, -1, -1, -1, -1, -1, -1, -1]]","[5, 1]","[0.2460021927339523, 0.23075440772405362, 0.21543784941116623, 0.17066898534864822, 0.10641289957289078, 0.03060919739792476, 0.00011446781136422792, 6.908138264098906e-19]"
20:08:57.041055,55,black,MOVED,"[[1, 1, 1, 1, 0, -1, 0, 0], [1, 1, 1, 1, 0, -1, 0, -1], [1, 1, 1, -1, 1, -1, -1, -1], [1, -1, 1, 1, 1, -1, -1, -1], [1, 1, 1, 1, 1, -1, -1, -1], [1, -1, 1, 1, -1, -1, -1, -1], [1, 1, 1, -1, -1, 1, -1, -1], [1, -1, -1, -1, -1, -1, -1, -1]]","[0, 5]","[0.2460021927339523, 0.23075440772405362, 0.21543784941116623, 0.17066898534864822, 0.10641289957289078, 0.03060919739792476, 0.00011446781136422792, 6.908138264098906e-19]"
20:08:57.047253,56,white,THINKING,"[[1, 1, 1, 1, 0, -1, 0, 0], [1, 1, 1, 1, 0, -1, 0, -1], [1, 1, 1, -1, 1, -1, -1, -1], [1, -1, 1, 1, 1, -1, -1, -1], [1, 1, 1, 1, 1, -1, -1, -1], [1, -1, 1, 1, -1, -1, -1, -1], [1, 1, 1, -1, -1, 1, -1, -1], [1, -1, -1, -1, -1, -1, -1, -1]]",,"[0.2460021927339523, 0.23075440772405362, 0.21543784941116623, 0.17066898534864822, 0.10641289957289078, 0.03060919739792476, 0.00011446781136422792, 6.908138264098906e-19]"
20:08:57.123713,56,white,MOVED,"[[1, 1, 1, 1, 0, -1, 0, 0], [1, 1, 1, 1, 0, -1, 1, -1], [1, 1, 1, -1, 1, 1, -1, -1], [1, -1, 1, 1, 1, -1, -1, -1], [1, 1, 1, 1, 1, -1, -1, -1], [1, -1, 1, 1, -1, -1, -1, -1], [1, 1, 1, -1, -1, 1, -1, -1], [1, -1, -1, -1, -1, -1, -1, -1]]","[6, 1]","[0.2460021927339523, 0.23075440772405362, 0.21543784941116623, 0.17066898534864822, 0.10641289957289078, 0.03060919739792476, 0.00011446781136422792, 6.908138264098906e-19]"
20:09:01.363123,57,black,MOVED,"[[1, 1, 1, 1, 0, -1, -1, 0], [1, 1, 1, 1, 0, -1, -1, -1], [1, 1, 1, -1, 1, 1, -1, -1], [1, -1, 1, 1, 1, -1, -1, -1], [1, 1, 1, 1, 1, -1, -1, -1], [1, -1, 1, 1, -1, -1, -1, -1], [1, 1, 1, -1, -1, 1, -1, -1], [1, -1, -1, -1, -1, -1, -1, -1]]","[0, 6]","[0.2460021927339523, 0.23075440772405362, 0.21543784941116623, 0.17066898534864822, 0.10641289957289078, 0.03060919739792476, 0.00011446781136422792, 6.908138264098906e-19]"
20:09:01.363123,58,white,THINKING,"[[1, 1, 1, 1, 0, -1, -1, 0], [1, 1, 1, 1, 0, -1, -1, -1], [1, 1, 1, -1, 1, 1, -1, -1], [1, -1, 1, 1, 1, -1, -1, -1], [1, 1, 1, 1, 1, -1, -1, -1], [1, -1, 1, 1, -1, -1, -1, -1], [1, 1, 1, -1, -1, 1, -1, -1], [1, -1, -1, -1, -1, -1, -1, -1]]",,"[0.2460021927339523, 0.23075440772405362, 0.21543784941116623, 0.17066898534864822, 0.10641289957289078, 0.03060919739792476, 0.00011446781136422792, 6.908138264098906e-19]"
20:09:01.377045,58,white,MOVED,"[[1, 1, 1, 1, 0, -1, -1, 1], [1, 1, 1, 1, 0, -1, 1, -1], [1, 1, 1, -1, 1, 1, -1, -1], [1, -1, 1, 1, 1, -1, -1, -1], [1, 1, 1, 1, 1, -1, -1, -1], [1, -1, 1, 1, -1, -1, -1, -1], [1, 1, 1, -1, -1, 1, -1, -1], [1, -1, -1, -1, -1, -1, -1, -1]]","[7, 0]","[0.2460021927339523, 0.23075440772405362, 0.21543784941116623, 0.17066898534864822, 0.10641289957289078, 0.03060919739792476, 0.00011446781136422792, 6.908138264098906e-19]"
20:09:05.636912,59,black,MOVED,"[[1, 1, 1, 1, 0, -1, -1, 1], [1, 1, 1, 1, -1, -1, 1, -1], [1, 1, 1, -1, -1, -1, -1, -1], [1, -1, 1, 1, -1, -1, -1, -1], [1, 1, 1, 1, -1, -1, -1, -1], [1, -1, 1, 1, -1, -1, -1, -1], [1, 1, 1, -1, -1, 1, -1, -1], [1, -1, -1, -1, -1, -1, -1, -1]]","[1, 4]","[0.2460021927339523, 0.23075440772405362, 0.21543784941116623, 0.17066898534864822, 0.10641289957289078, 0.03060919739792476, 0.00011446781136422792, 6.908138264098906e-19]"
20:09:05.636912,60,white,THINKING,"[[1, 1, 1, 1, 0, -1, -1, 1], [1, 1, 1, 1, -1, -1, 1, -1], [1, 1, 1, -1, -1, -1, -1, -1], [1, -1, 1, 1, -1, -1, -1, -1], [1, 1, 1, 1, -1, -1, -1, -1], [1, -1, 1, 1, -1, -1, -1, -1], [1, 1, 1, -1, -1, 1, -1, -1], [1, -1, -1, -1, -1, -1, -1, -1]]",,"[0.2460021927339523, 0.23075440772405362, 0.21543784941116623, 0.17066898534864822, 0.10641289957289078, 0.03060919739792476, 0.00011446781136422792, 6.908138264098906e-19]"
20:09:05.643849,60,white,MOVED,"[[1, 1, 1, 1, 1, 1, 1, 1], [1, 1, 1, 1, -1, -1, 1, -1], [1, 1, 1, -1, -1, -1, -1, -1], [1, -1, 1, 1, -1, -1, -1, -1], [1, 1, 1, 1, -1, -1, -1, -1], [1, -1, 1, 1, -1, -1, -1, -1], [1, 1, 1, -1, -1, 1, -1, -1], [1, -1, -1, -1, -1, -1, -1, -1]]","[4, 0]","[0.2460021927339523, 0.23075440772405362, 0.21543784941116623, 0.17066898534864822, 0.10641289957289078, 0.03060919739792476, 0.00011446781136422792, 6.908138264098906e-19]"
20:09:52.&f,SYSTEM,END,GAMEOVER,,,
